frame,person_id,center_x,center_y
2,0,241,177
2,1,532,191
2,2,434,182
2,3,589,194
2,4,291,187
2,5,330,181
2,6,397,176
2,7,365,171
2,8,467,175
3,0,241,178
3,1,532,192
3,2,434,182
3,3,588,194
3,4,292,188
3,5,330,181
3,6,397,176
3,7,364,170
3,8,468,175
4,0,240,178
4,1,532,192
4,2,433,182
4,3,585,194
4,4,292,188
4,5,330,182
4,6,396,177
4,7,364,170
4,8,467,175
5,0,240,179
5,1,532,193
5,2,432,182
5,3,582,195
5,4,292,188
5,5,329,182
5,6,395,176
5,7,364,171
5,8,467,176
6,0,240,179
6,1,531,193
6,2,432,181
6,3,581,196
6,4,291,188
6,5,329,182
6,6,395,177
6,7,365,173
6,8,467,176
7,0,241,179
7,1,530,194
7,2,432,181
7,3,579,196
7,4,291,189
7,5,329,182
7,6,395,177
7,7,365,173
7,8,468,176
8,0,241,179
8,1,529,193
8,2,432,181
8,3,579,197
8,4,291,189
8,5,328,183
8,6,395,177
8,7,365,173
8,8,468,176
9,0,241,179
9,1,527,193
9,2,433,181
9,3,578,197
9,4,291,190
9,5,328,183
9,6,395,177
9,7,365,174
9,8,468,176
9,9,20,190
10,0,242,179
10,1,525,192
10,2,433,181
10,3,576,197
10,4,291,190
10,5,329,183
10,6,395,177
10,7,365,173
10,8,468,177
10,9,20,190
11,0,242,179
11,1,523,191
11,2,432,181
11,3,575,197
11,4,291,191
11,5,328,184
11,6,394,177
11,7,365,173
11,8,468,177
11,9,20,190
12,0,243,180
12,1,520,190
12,2,432,182
12,3,573,197
12,4,292,192
12,5,329,184
12,6,394,177
12,7,366,173
12,8,469,177
12,9,21,191
13,0,244,181
13,1,519,190
13,2,431,182
13,3,571,197
13,4,293,192
13,5,329,184
13,6,394,177
13,7,366,173
13,8,469,177
13,9,21,191
14,0,244,182
14,1,518,190
14,2,431,183
14,3,569,196
14,4,293,193
14,5,329,185
14,6,393,177
14,7,366,174
14,8,469,178
14,9,21,192
15,0,245,182
15,1,516,191
15,2,431,184
15,3,567,196
15,4,293,193
15,5,329,185
15,6,393,178
15,7,366,173
15,8,470,178
15,9,21,192
16,0,246,183
16,1,515,191
16,2,431,185
16,3,566,196
16,4,293,194
16,5,330,185
16,6,393,178
16,7,366,173
16,8,470,178
16,9,21,193
17,0,246,184
17,1,514,192
17,2,430,185
17,3,563,195
17,4,293,194
17,5,330,187
17,6,393,179
17,7,366,173
17,8,471,179
17,9,21,193
18,0,247,184
18,1,514,192
18,2,430,185
18,3,562,195
18,4,294,194
18,5,330,186
18,6,393,179
18,7,366,173
18,8,471,179
18,9,21,192
19,0,247,185
19,1,513,193
19,2,430,185
19,3,561,196
19,4,294,194
19,5,332,187
19,6,393,180
19,7,367,174
19,8,471,180
19,9,21,193
20,0,246,185
20,1,511,194
20,2,431,185
20,3,560,197
20,4,294,194
20,5,333,189
20,6,393,180
20,7,367,175
20,8,471,181
20,9,22,193
21,0,246,185
21,1,511,195
21,2,430,184
21,3,559,197
21,4,295,194
21,5,333,189
21,6,393,180
21,7,366,175
21,8,472,181
21,9,22,193
22,0,246,185
22,1,510,195
22,2,430,185
22,3,557,198
22,4,295,193
22,5,334,190
22,6,392,181
22,7,366,176
22,8,472,182
22,9,21,193
22,10,334,190
23,0,246,185
23,1,508,196
23,2,430,184
23,3,556,199
23,4,295,193
23,6,393,181
23,7,366,176
23,8,472,182
23,9,21,190
23,10,333,188
24,0,245,184
24,1,507,196
24,2,431,184
24,3,555,199
24,4,294,192
24,6,393,182
24,7,366,176
24,8,472,182
24,10,333,187
24,9,21,190
25,0,244,185
25,1,506,196
25,2,430,185
25,3,554,199
25,4,294,192
25,5,333,196
25,6,394,182
25,7,366,178
25,8,472,182
25,9,21,191
26,0,244,186
26,1,505,196
26,2,430,185
26,3,553,200
26,4,294,192
26,5,333,192
26,6,394,182
26,7,366,177
26,8,473,183
26,9,22,191
27,0,244,187
27,1,504,196
27,2,425,185
27,3,553,200
27,4,294,192
27,5,333,187
27,6,394,183
27,7,366,177
27,8,472,183
27,9,22,191
27,10,333,193
28,0,243,187
28,1,503,195
28,2,427,186
28,3,553,199
28,4,294,192
28,5,333,187
28,6,394,183
28,7,365,179
28,8,473,183
28,9,22,191
29,0,242,188
29,1,502,194
29,2,426,187
29,3,553,198
29,4,294,192
29,6,394,183
29,7,365,179
29,8,473,183
29,10,334,193
29,9,23,191
30,0,241,188
30,1,501,193
30,2,424,187
30,3,552,198
30,4,294,193
30,5,333,193
30,6,394,183
30,7,366,179
30,8,473,184
30,9,23,192
30,10,334,193
31,0,241,189
31,1,500,193
31,2,426,188
31,3,550,199
31,4,295,194
31,5,336,188
31,6,394,183
31,7,365,184
31,8,473,184
31,9,24,193
32,0,241,190
32,1,500,193
32,2,426,188
32,3,549,199
32,4,294,194
32,5,336,188
32,6,393,183
32,7,364,183
32,9,24,193
32,8,473,183
33,0,241,190
33,1,498,194
33,2,426,188
33,3,549,198
33,4,295,195
33,5,336,188
33,6,393,183
33,7,364,182
33,9,24,193
33,8,472,183
34,0,241,191
34,1,497,195
34,2,426,188
34,3,547,199
34,4,295,195
34,5,336,189
34,6,393,183
34,7,364,182
34,9,24,193
34,8,472,184
35,0,242,190
35,1,495,196
35,2,426,188
35,3,545,199
35,4,294,195
35,5,335,191
35,6,393,184
35,7,364,182
35,9,24,194
35,8,474,185
36,0,241,190
36,1,494,196
36,2,427,188
36,3,545,200
36,4,294,195
36,5,336,191
36,6,393,184
36,7,363,182
36,8,456,177
36,9,24,194
36,11,64,200
37,0,241,191
37,1,494,197
37,2,426,187
37,3,543,200
37,4,295,195
37,5,335,191
37,6,392,183
37,7,362,183
37,8,457,177
37,9,24,194
37,11,64,200
38,0,242,190
38,1,494,198
38,2,426,187
38,3,541,202
38,4,296,196
38,5,336,192
38,6,392,184
38,7,362,181
38,8,457,179
38,9,24,195
38,11,65,199
39,0,242,191
39,1,494,199
39,2,424,188
39,3,540,202
39,4,297,196
39,5,336,192
39,6,392,184
39,7,361,180
39,8,458,179
39,9,24,196
39,11,65,200
40,0,243,191
40,1,492,200
40,2,425,188
40,3,540,203
40,4,298,197
40,5,337,194
40,6,392,185
40,7,361,181
40,8,458,178
40,9,24,196
40,11,65,200
41,0,244,192
41,1,490,200
41,2,425,188
41,3,539,202
41,4,298,196
41,5,337,198
41,6,391,185
41,7,360,181
41,8,459,178
41,9,25,196
41,11,65,200
42,0,246,193
42,1,490,200
42,2,425,189
42,3,538,203
42,4,298,196
42,5,337,198
42,6,391,186
42,7,360,181
42,8,458,179
42,9,25,197
42,11,64,200
43,0,246,194
43,1,487,200
43,2,424,189
43,3,535,202
43,4,300,197
43,5,337,199
43,6,389,186
43,7,359,182
43,9,25,197
43,8,461,178
43,11,65,201
44,0,247,195
44,1,485,199
44,2,424,190
44,3,534,201
44,4,301,196
44,5,335,200
44,6,388,187
44,7,359,182
44,9,25,198
44,8,460,178
44,11,65,200
45,0,248,197
45,1,485,198
45,2,424,191
45,3,533,201
45,4,300,197
45,5,335,201
45,6,389,188
45,7,359,182
45,9,26,197
45,8,457,178
45,11,65,200
46,0,248,197
46,1,485,198
46,2,424,191
46,3,531,201
46,4,300,196
46,5,334,201
46,6,388,188
46,7,359,182
46,8,457,178
46,9,27,197
46,11,64,199
47,0,248,197
47,1,484,197
47,2,424,192
47,3,530,201
47,4,300,196
47,5,334,202
47,6,388,188
47,7,360,183
47,8,458,179
47,9,28,199
47,11,64,199
48,0,249,197
48,1,483,197
48,2,423,192
48,3,529,202
48,4,300,197
48,5,334,201
48,6,389,188
48,7,359,183
48,9,28,198
48,11,64,199
48,8,457,179
49,0,249,197
49,1,482,197
49,2,423,192
49,3,528,202
49,4,301,197
49,5,334,202
49,6,388,188
49,7,359,182
49,9,28,196
49,11,65,200
49,8,458,178
50,0,249,197
50,1,481,197
50,2,424,192
50,3,528,203
50,4,300,197
50,5,334,203
50,6,388,188
50,7,359,183
50,9,29,195
50,11,65,200
50,8,458,178
51,0,249,197
51,1,481,198
51,2,423,192
51,3,526,203
51,4,299,197
51,5,335,201
51,6,388,188
51,7,359,183
51,9,29,196
51,11,65,201
52,0,249,197
52,1,480,198
52,2,423,191
52,3,526,204
52,4,298,198
52,5,335,201
52,6,387,188
52,7,359,183
52,11,65,200
52,9,30,197
53,0,249,197
53,1,478,199
53,2,423,191
53,3,524,205
53,4,298,198
53,5,335,202
53,6,387,188
53,7,359,184
53,11,65,201
53,8,459,179
53,9,30,197
54,0,249,197
54,1,477,199
54,2,422,191
54,3,523,204
54,4,297,198
54,5,335,202
54,6,387,188
54,7,359,184
54,9,30,197
54,11,65,201
54,8,458,179
55,0,248,198
55,1,475,200
55,2,422,191
55,3,522,204
55,4,296,199
55,5,335,202
55,6,387,189
55,7,359,184
55,9,30,197
55,11,65,201
56,0,247,199
56,1,475,200
56,2,421,191
56,3,521,204
56,4,296,199
56,5,335,201
56,6,387,189
56,7,359,184
56,9,31,196
56,11,65,202
57,0,247,200
57,1,475,201
57,2,421,192
57,3,520,204
57,4,297,199
57,5,333,199
57,6,387,189
57,7,358,185
57,9,31,197
57,11,66,201
58,0,248,201
58,1,474,201
58,2,420,192
58,3,519,203
58,4,298,199
58,5,333,197
58,6,386,189
58,7,359,185
58,9,31,196
58,11,64,185
59,0,247,203
59,1,473,202
59,2,420,193
59,3,518,203
59,4,298,200
59,5,333,196
59,6,386,189
59,7,359,185
59,9,31,197
59,11,64,186
60,0,248,203
60,1,473,202
60,2,420,194
60,3,517,202
60,4,298,200
60,5,333,198
60,6,386,190
60,7,359,185
60,9,31,197
60,11,64,185
61,0,248,204
61,1,470,201
61,2,419,194
61,3,516,203
61,4,299,201
61,5,333,197
61,6,384,190
61,7,359,185
61,9,30,198
61,11,63,186
62,0,248,204
62,1,470,201
62,2,419,194
62,3,516,202
62,4,299,201
62,5,334,199
62,6,384,190
62,7,359,185
62,9,30,198
62,11,66,203
63,0,248,203
63,1,468,200
63,2,418,194
63,3,515,202
63,4,300,201
63,5,333,200
63,7,359,185
63,9,30,198
63,6,383,191
63,11,66,204
64,0,249,204
64,1,466,200
64,2,418,194
64,3,512,203
64,4,300,201
64,5,334,201
64,6,384,191
64,7,359,185
64,9,30,199
64,11,66,203
65,0,250,203
65,1,466,199
65,2,418,194
65,3,510,203
65,4,300,201
65,5,334,200
65,6,383,191
65,7,359,185
65,9,30,199
65,11,66,203
66,0,252,202
66,1,464,199
66,2,417,193
66,3,509,204
66,4,300,200
66,6,383,191
66,7,358,186
66,9,29,199
66,12,334,200
66,11,67,204
67,0,254,203
67,1,463,199
67,2,417,193
67,3,508,204
67,4,301,200
67,5,335,201
67,6,383,191
67,7,358,186
67,9,29,198
67,11,67,203
68,0,255,204
68,1,463,199
68,2,417,193
68,3,506,204
68,4,300,200
68,6,382,191
68,7,357,186
68,9,29,198
68,11,67,203
68,12,334,201
69,0,256,205
69,1,461,200
69,2,417,193
69,3,505,205
69,4,300,200
69,6,382,191
69,7,357,186
69,9,29,198
69,11,66,202
69,12,334,202
69,13,126,206
70,0,257,205
70,1,459,201
70,2,416,193
70,3,504,205
70,4,300,200
70,6,382,191
70,7,357,186
70,9,29,198
70,12,334,200
70,13,126,207
70,11,65,201
71,0,257,206
71,1,459,201
71,2,416,193
71,3,503,205
71,4,301,199
71,6,382,192
71,7,357,186
71,9,30,198
71,11,65,201
71,13,126,207
71,5,334,200
71,12,336,199
72,0,257,207
72,1,458,201
72,2,416,193
72,3,501,205
72,4,300,199
72,6,382,192
72,7,357,186
72,9,30,198
72,11,66,201
72,12,335,199
72,13,125,207
73,0,258,209
73,1,458,202
73,2,415,193
73,3,500,204
73,4,300,199
73,6,382,191
73,7,357,186
73,9,30,198
73,11,66,202
73,12,334,199
73,13,125,208
74,0,259,210
74,1,457,202
74,2,416,194
74,3,500,204
74,4,300,200
74,6,382,192
74,7,357,187
74,9,29,198
74,12,334,202
74,13,125,208
74,11,66,201
75,0,260,210
75,1,456,202
75,2,416,194
75,3,498,204
75,4,300,200
75,6,382,192
75,7,356,187
75,9,29,198
75,12,335,200
75,13,124,209
75,11,65,200
76,0,260,210
76,1,456,202
76,2,415,195
76,3,498,204
76,4,300,200
76,6,381,192
76,7,356,187
76,9,30,198
76,12,335,199
76,13,124,208
76,11,65,187
77,0,260,210
77,1,455,202
77,2,415,196
77,3,498,204
77,4,300,201
77,6,382,192
77,7,356,188
77,9,30,199
77,12,335,199
77,11,65,188
77,13,124,206
78,0,260,209
78,1,455,201
78,2,415,196
78,3,497,204
78,4,301,201
78,6,382,192
78,7,356,188
78,9,31,198
78,12,336,198
78,13,125,206
78,11,65,188
79,0,261,209
79,1,455,200
79,2,415,196
79,3,496,204
79,4,300,201
79,6,381,192
79,7,356,189
79,9,31,199
79,12,336,199
79,13,124,207
79,11,65,188
80,0,261,208
80,1,455,200
80,2,415,195
80,3,495,204
80,4,301,201
80,6,382,193
80,7,356,190
80,9,31,199
80,12,336,200
80,13,124,209
80,11,65,189
81,0,262,209
81,1,454,200
81,2,414,195
81,3,495,205
81,4,301,201
81,6,381,192
81,7,355,188
81,9,31,199
81,12,336,199
81,13,124,210
81,11,65,188
82,0,262,209
82,1,453,200
82,2,414,195
82,3,494,205
82,4,301,202
82,6,381,192
82,9,31,200
82,12,337,199
82,13,125,212
82,7,353,188
82,11,64,188
83,0,262,211
83,1,452,200
83,2,414,194
83,3,493,205
83,4,301,202
83,6,382,192
83,9,32,200
83,12,338,198
83,13,125,213
83,7,352,188
83,11,64,190
84,0,261,212
84,1,451,200
84,2,414,194
84,3,492,205
84,4,302,202
84,6,381,192
84,9,32,200
84,12,338,199
84,13,124,213
84,7,355,193
84,11,64,190
85,0,260,212
85,1,449,200
85,2,413,194
85,3,491,205
85,4,301,202
85,6,381,193
85,9,32,200
85,11,65,191
85,12,339,198
85,7,349,188
85,13,126,211
86,0,258,213
86,1,448,201
86,2,412,194
86,3,491,206
86,4,301,202
86,6,381,193
86,9,33,200
86,12,338,199
86,7,350,188
86,11,65,191
86,13,126,212
87,0,257,215
87,1,448,201
87,2,412,194
87,3,490,205
87,4,301,202
87,6,381,193
87,9,36,201
87,12,338,199
87,7,351,193
87,11,65,192
87,13,126,211
88,0,257,216
88,1,447,201
88,2,412,195
88,3,490,204
88,4,301,202
88,6,381,193
88,12,339,199
88,7,351,187
88,9,36,201
88,11,65,191
88,13,125,209
89,0,259,216
89,1,446,201
89,2,411,195
89,3,488,204
89,4,303,203
89,6,380,193
89,9,34,201
89,12,339,198
89,5,350,187
89,7,350,187
89,11,65,191
89,13,126,201
90,0,259,216
90,1,446,202
90,2,412,196
90,3,489,204
90,4,303,203
90,6,379,194
90,9,36,202
90,12,338,199
90,7,349,186
90,11,65,191
90,13,126,208
91,0,260,215
91,1,445,202
91,2,410,197
91,3,489,204
91,4,304,203
91,6,378,194
91,9,38,201
91,12,338,201
91,7,349,186
91,11,65,191
91,13,132,189
92,0,260,215
92,1,445,203
92,2,410,197
92,3,489,204
92,4,304,201
92,6,378,194
92,9,38,201
92,11,65,191
92,12,337,200
92,7,349,187
93,0,262,214
93,1,445,203
93,2,409,197
93,3,489,205
93,4,304,202
93,6,378,194
93,9,38,201
93,11,65,191
93,12,336,200
93,7,348,187
94,0,262,214
94,1,445,203
94,2,409,197
94,3,489,205
94,4,305,202
94,6,378,194
94,9,38,200
94,11,65,191
94,12,337,199
94,7,347,187
94,13,132,193
95,0,263,214
95,1,444,203
95,2,408,197
95,3,488,205
95,4,304,201
95,6,378,194
95,9,39,199
95,12,337,199
95,7,347,187
95,11,65,190
95,13,132,196
96,0,265,215
96,1,443,202
96,2,408,196
96,3,489,205
96,4,305,201
96,6,377,194
96,9,40,199
96,12,336,200
96,5,347,174
96,7,347,186
96,11,65,189
97,0,265,217
97,1,442,201
97,2,408,196
97,3,487,205
97,4,304,202
97,6,377,194
97,9,39,200
97,12,336,200
97,14,12,197
97,7,346,185
97,11,65,190
97,13,132,199
98,0,266,218
98,1,442,201
98,2,407,196
98,3,484,205
98,4,304,202
98,6,377,194
98,9,39,199
98,12,336,200
98,14,12,197
98,11,65,190
98,13,131,199
99,0,267,218
99,1,442,200
99,2,408,195
99,3,481,205
99,4,304,202
99,6,377,193
99,9,38,199
99,12,337,200
99,14,13,197
99,11,65,190
99,13,130,198
100,0,268,220
100,1,441,200
100,2,407,195
100,3,479,205
100,4,304,202
100,6,377,193
100,9,38,199
100,12,336,200
100,14,13,197
100,15,502,199
100,11,64,190
100,13,129,198
101,0,269,221
101,1,440,200
101,2,407,195
101,3,478,205
101,4,303,202
101,6,377,193
101,9,38,199
101,12,335,200
101,14,13,197
101,15,503,199
101,7,346,187
101,11,64,189
101,13,129,197
102,0,270,221
102,1,440,200
102,2,407,195
102,3,477,205
102,4,303,202
102,6,377,193
102,9,38,199
102,12,336,200
102,13,128,195
102,14,13,197
102,15,503,199
102,11,64,189
103,0,270,222
103,1,440,200
103,2,407,195
103,3,476,205
103,4,304,202
103,6,377,193
103,9,38,199
103,12,335,200
103,13,128,195
103,14,13,197
103,15,502,200
103,11,64,189
104,0,271,221
104,1,439,200
104,2,407,195
104,3,476,205
104,4,305,202
104,6,377,193
104,9,38,199
104,12,335,200
104,13,128,195
104,14,13,197
104,15,502,200
104,11,64,188
105,0,272,221
105,1,437,201
105,2,407,196
105,3,474,204
105,4,306,202
105,6,377,193
105,9,38,199
105,12,335,200
105,13,128,195
105,14,13,197
105,15,501,200
105,11,67,203
106,0,273,221
106,1,436,201
106,2,406,196
106,3,474,204
106,4,306,202
106,6,377,193
106,9,38,198
106,12,334,201
106,13,128,194
106,14,13,197
106,15,501,200
106,5,347,176
106,7,346,189
106,11,68,202
107,0,275,220
107,1,435,202
107,2,406,197
107,3,474,204
107,4,306,202
107,6,377,193
107,9,38,195
107,11,64,186
107,12,335,200
107,13,128,194
107,14,13,197
107,15,502,200
107,7,346,190
108,0,276,219
108,1,435,202
108,2,406,196
108,3,474,203
108,4,306,202
108,6,377,194
108,9,38,198
108,12,335,200
108,13,128,194
108,14,13,197
108,15,503,200
108,11,64,186
109,0,276,220
109,1,435,202
109,2,406,196
109,3,474,203
109,4,307,202
109,6,377,193
109,9,37,199
109,12,337,201
109,13,129,195
109,14,13,197
109,15,504,200
109,11,64,186
110,0,277,221
110,1,433,202
110,2,406,196
110,3,473,204
110,4,307,203
110,6,377,194
110,9,36,199
110,12,337,201
110,13,129,195
110,14,13,197
110,15,503,200
110,11,64,186
111,0,277,223
111,1,433,202
111,2,407,196
111,3,473,204
111,4,307,202
111,6,377,193
111,9,37,198
111,12,338,201
111,13,130,195
111,14,13,197
111,15,504,200
111,11,64,186
112,0,277,224
112,1,432,202
112,2,405,195
112,3,473,204
112,4,308,202
112,6,377,193
112,9,37,198
112,12,337,201
112,13,130,195
112,14,14,196
112,15,505,201
113,0,278,224
113,1,431,203
113,2,406,195
113,3,472,205
113,4,309,202
113,6,377,193
113,12,338,199
113,13,130,195
113,14,14,196
113,15,505,201
113,9,36,198
113,11,64,187
114,0,277,226
114,1,430,201
114,2,405,194
114,3,472,204
114,4,309,201
114,6,377,194
114,12,338,198
114,13,131,195
114,14,14,196
114,15,505,201
114,9,40,199
115,0,277,227
115,1,430,200
115,2,404,194
115,3,472,204
115,6,377,193
115,12,338,198
115,13,130,195
115,14,15,196
115,15,505,201
115,4,309,200
115,9,41,202
115,11,58,197
116,0,278,229
116,1,429,199
116,2,404,194
116,3,471,204
116,6,377,193
116,12,338,198
116,13,131,194
116,14,16,196
116,15,506,201
116,4,309,200
116,9,42,206
117,0,278,228
117,1,428,198
117,2,405,195
117,3,469,207
117,6,377,193
117,12,338,199
117,13,131,193
117,14,16,195
117,15,506,201
117,4,309,199
117,11,53,202
118,0,279,228
118,1,428,198
118,2,404,194
118,3,468,207
118,6,377,193
118,12,338,197
118,13,131,193
118,14,17,195
118,15,506,201
118,4,309,198
119,0,280,227
119,1,427,198
119,2,404,194
119,3,466,206
119,6,377,193
119,12,339,197
119,13,131,193
119,14,18,194
119,15,506,201
119,4,309,196
119,11,62,184
120,0,282,227
120,1,426,198
120,2,404,195
120,3,465,202
120,6,377,193
120,12,338,197
120,13,131,193
120,14,17,195
120,15,506,201
120,11,53,183
121,0,284,226
121,1,423,198
121,2,403,195
121,3,462,203
121,6,375,193
121,12,339,197
121,13,131,193
121,14,18,198
121,15,506,201
121,4,309,170
121,9,52,211
121,11,60,182
122,0,286,225
122,1,423,198
122,2,403,196
122,3,461,203
122,6,375,193
122,12,339,196
122,13,131,194
122,14,16,199
122,15,506,201
122,9,48,215
123,0,289,226
123,1,423,198
123,2,403,195
123,3,460,201
123,6,375,193
123,9,46,230
123,12,339,196
123,13,132,195
123,15,506,201
123,14,17,201
124,0,292,228
124,1,422,198
124,2,403,195
124,3,460,201
124,6,375,193
124,9,45,233
124,12,339,196
124,13,132,196
124,15,506,201
124,14,16,196
125,0,294,229
125,1,423,198
125,2,403,195
125,3,460,201
125,6,374,192
125,9,44,235
125,12,340,198
125,13,132,196
125,15,506,201
126,0,296,230
126,1,420,198
126,2,403,194
126,3,460,201
126,6,375,193
126,9,43,237
126,12,340,198
126,13,132,196
126,15,507,201
126,16,256,194
127,0,299,232
127,1,420,198
127,2,402,194
127,3,460,200
127,6,374,192
127,9,42,239
127,12,339,199
127,13,133,196
127,15,507,201
127,16,256,195
128,0,301,234
128,1,419,199
128,2,402,194
128,3,459,200
128,6,374,192
128,9,41,241
128,12,340,199
128,13,133,194
128,15,507,201
128,16,257,194
129,0,304,235
129,1,418,199
129,2,401,195
129,3,459,201
129,6,374,192
129,9,34,242
129,13,134,193
129,15,507,201
129,16,258,194
129,7,342,182
129,12,340,196
130,0,307,237
130,1,417,198
130,3,458,201
130,6,374,192
130,9,30,244
130,13,134,193
130,15,507,201
130,16,259,195
130,2,399,195
130,7,342,183
130,12,343,192
131,0,307,236
131,1,416,197
131,2,400,195
131,3,458,200
131,6,373,192
131,9,29,245
131,13,133,196
131,15,507,201
131,16,259,196
131,11,66,186
131,12,344,192
132,0,308,236
132,1,415,197
132,3,458,200
132,6,374,192
132,9,28,244
132,13,133,199
132,15,507,201
132,16,261,196
132,2,399,195
132,11,65,187
132,12,346,191
133,0,309,235
133,1,415,196
133,3,457,200
133,6,374,193
133,9,29,243
133,13,134,199
133,15,508,200
133,16,261,196
133,2,398,194
133,11,64,186
134,0,310,234
134,1,415,196
134,3,456,199
134,6,374,193
134,9,29,242
134,13,133,199
134,15,508,200
134,16,262,196
134,2,396,195
134,11,66,186
134,12,347,189
135,0,312,233
135,1,414,196
135,3,455,200
135,6,373,191
135,9,28,241
135,11,66,186
135,13,131,198
135,15,509,200
135,16,262,196
135,2,397,196
136,0,314,233
136,1,414,195
136,3,455,201
136,6,372,191
136,9,28,241
136,11,66,186
136,13,131,197
136,15,509,200
136,16,262,196
136,2,387,192
137,0,315,235
137,1,414,195
137,3,455,201
137,6,371,192
137,9,28,242
137,13,131,196
137,15,509,200
137,16,263,195
137,2,387,192
137,11,66,186
138,0,316,238
138,1,413,195
138,2,387,193
138,3,454,202
138,6,371,191
138,9,28,245
138,13,131,196
138,15,510,200
138,16,263,196
138,11,66,186
139,0,316,240
139,1,411,195
139,3,456,201
139,6,370,192
139,9,28,244
139,13,131,195
139,15,510,200
139,16,263,195
139,2,387,192
139,11,66,186
140,0,317,241
140,1,411,196
140,3,454,201
140,6,370,192
140,9,29,247
140,13,131,195
140,15,510,200
140,16,264,194
140,17,470,195
140,2,387,193
140,11,67,186
141,0,318,242
141,1,410,196
141,2,387,192
141,3,454,201
141,6,370,191
141,9,29,243
141,11,67,187
141,13,131,194
141,15,510,200
141,16,265,194
141,17,469,195
142,0,319,245
142,1,410,196
142,3,453,202
142,6,370,191
142,9,29,227
142,13,131,194
142,15,511,200
142,16,266,194
142,17,469,195
142,2,388,193
142,11,67,185
143,0,321,247
143,1,410,197
143,2,388,192
143,3,453,200
143,6,370,192
143,13,131,194
143,15,511,200
143,16,267,195
143,17,469,195
143,18,812,301
143,9,29,226
143,11,67,187
144,0,323,248
144,1,409,197
144,3,452,200
144,6,370,191
144,13,131,194
144,15,511,200
144,16,267,195
144,17,469,196
144,18,810,297
144,2,389,192
144,9,26,252
144,11,66,186
145,0,326,247
145,1,409,197
145,3,452,199
145,6,371,183
145,13,131,194
145,15,512,200
145,16,267,195
145,17,470,196
145,18,807,265
145,2,389,192
146,0,329,247
146,1,408,197
146,3,453,199
146,13,132,194
146,15,512,199
146,16,266,195
146,17,470,197
146,18,800,264
146,2,390,192
146,6,370,179
146,9,30,190
146,11,67,187
147,0,332,246
147,1,407,196
147,3,449,198
147,9,31,192
147,11,65,195
147,13,132,194
147,15,512,199
147,16,267,195
147,17,471,197
147,18,792,264
147,6,371,176
148,0,337,245
148,1,404,196
148,3,449,198
148,9,31,191
148,11,66,194
148,13,132,194
148,15,513,199
148,16,267,195
148,17,470,197
148,18,785,263
149,0,341,244
149,1,403,196
149,3,448,198
149,9,31,192
149,11,66,194
149,13,132,194
149,15,513,199
149,16,267,196
149,17,471,196
149,18,778,262
150,0,344,244
150,1,403,195
150,3,448,198
150,9,31,192
150,11,67,193
150,13,132,194
150,15,513,199
150,16,266,196
150,17,471,196
150,18,771,262
151,0,350,245
151,1,402,195
151,3,446,198
151,9,33,192
151,11,68,191
151,13,133,195
151,15,514,199
151,16,265,197
151,17,472,196
151,18,767,261
152,0,352,247
152,1,401,195
152,3,446,197
152,9,33,192
152,11,68,188
152,13,133,195
152,15,514,199
152,16,265,197
152,17,473,196
152,18,763,261
152,19,301,197
153,0,356,250
153,1,401,195
153,3,446,198
153,9,33,192
153,11,68,187
153,13,133,195
153,15,514,199
153,16,265,197
153,17,473,196
153,18,761,261
153,19,302,197
154,0,360,252
154,1,401,194
154,3,445,197
154,9,33,192
154,13,133,195
154,15,514,200
154,16,265,197
154,17,474,196
154,18,759,261
154,19,304,197
154,11,69,187
155,0,362,255
155,1,401,193
155,3,443,197
155,9,34,193
155,11,68,187
155,13,134,195
155,15,515,200
155,16,266,197
155,17,474,196
155,18,758,262
155,19,305,198
156,0,364,258
156,1,400,180
156,3,444,198
156,9,34,192
156,11,69,187
156,13,134,195
156,15,515,200
156,16,266,196
156,17,475,197
156,18,757,264
156,19,305,197
157,0,368,261
157,1,400,180
157,3,444,198
157,9,35,192
157,11,69,187
157,13,134,196
157,15,515,200
157,16,265,197
157,17,475,197
157,18,756,265
157,19,303,198
157,7,328,163
158,0,371,262
158,3,444,198
158,9,35,192
158,11,69,187
158,13,135,196
158,15,516,200
158,16,265,197
158,17,475,197
158,18,755,268
158,19,303,197
158,1,402,176
158,7,329,163
159,0,374,261
159,3,444,198
159,9,35,192
159,11,69,188
159,13,135,196
159,15,516,200
159,16,265,197
159,17,476,197
159,18,754,270
159,19,302,197
159,1,402,175
159,2,400,165
159,7,330,164
160,0,379,260
160,3,443,197
160,9,35,192
160,11,69,187
160,13,135,196
160,15,515,199
160,16,264,196
160,17,476,197
160,18,753,271
160,19,302,197
160,7,331,193
161,0,381,259
161,3,441,197
161,7,331,193
161,9,37,193
161,13,135,196
161,15,516,199
161,16,265,196
161,17,476,198
161,18,751,273
161,19,302,196
161,11,69,187
162,0,384,258
162,3,439,196
162,7,331,194
162,9,36,192
162,11,69,187
162,13,135,196
162,15,517,199
162,16,265,196
162,17,476,198
162,18,747,275
162,19,302,195
163,0,387,257
163,3,439,196
163,9,36,192
163,11,68,185
163,13,135,197
163,15,517,199
163,16,264,196
163,17,476,198
163,18,742,275
163,19,302,196
163,7,331,194
164,0,391,257
164,3,439,196
164,9,36,192
164,11,68,186
164,13,135,197
164,15,517,199
164,16,264,197
164,17,476,197
164,18,735,275
164,19,302,195
164,7,333,199
165,0,394,263
165,3,438,193
165,7,333,198
165,9,36,192
165,11,68,186
165,13,135,197
165,15,518,200
165,16,264,197
165,17,476,197
165,18,728,275
165,19,302,196
166,0,396,267
166,9,36,192
166,13,135,197
166,15,518,200
166,16,263,197
166,17,476,197
166,18,721,275
166,19,302,196
166,3,438,181
166,7,333,201
166,11,69,186
167,0,397,270
167,7,334,199
167,9,36,192
167,11,69,186
167,13,135,197
167,15,518,200
167,16,263,197
167,17,475,196
167,18,716,275
167,19,302,195
167,3,440,176
168,0,399,271
168,7,335,199
168,9,37,192
168,13,134,197
168,15,519,200
168,16,263,198
168,17,476,196
168,18,711,268
168,19,302,195
168,20,503,192
168,3,440,173
168,11,68,186
169,0,401,276
169,7,334,198
169,9,37,192
169,11,69,186
169,13,134,199
169,15,519,200
169,16,263,198
169,17,477,196
169,18,707,266
169,19,303,195
169,20,502,192
170,0,403,282
170,7,334,198
170,9,36,192
170,11,69,186
170,13,134,199
170,15,519,200
170,16,263,198
170,17,476,196
170,18,703,266
170,19,302,195
170,20,503,193
171,0,406,284
171,7,334,198
171,9,36,192
171,11,68,186
171,13,134,200
171,15,519,200
171,16,264,199
171,17,477,196
171,18,699,266
171,19,302,195
171,20,503,193
172,0,409,283
172,7,335,199
172,11,68,186
172,13,134,200
172,15,519,200
172,16,264,199
172,17,477,196
172,18,694,267
172,19,303,195
172,20,502,192
172,9,36,192
173,0,414,282
173,7,334,200
173,9,35,192
173,11,69,186
173,13,133,200
173,15,519,201
173,16,264,200
173,17,477,197
173,18,685,268
173,19,303,195
173,20,502,193
174,0,419,281
174,7,335,199
174,9,38,192
174,11,68,188
174,13,133,200
174,15,520,201
174,16,264,199
174,17,477,197
174,18,679,269
174,19,303,195
174,20,502,192
175,0,424,280
175,7,335,199
175,9,38,192
175,11,68,188
175,13,134,200
175,15,520,201
175,16,265,199
175,18,673,270
175,19,303,196
175,20,502,193
175,21,367,191
175,17,477,187
176,0,429,279
176,7,334,197
176,9,38,192
176,11,69,188
176,13,134,200
176,15,520,201
176,16,265,199
176,18,670,271
176,19,303,195
176,20,502,193
176,21,365,191
176,17,478,186
177,0,435,278
177,7,334,195
177,11,69,187
177,13,135,200
177,15,520,201
177,16,265,198
177,18,669,272
177,19,303,196
177,21,365,191
177,9,38,192
177,17,479,176
177,20,502,193
178,0,439,277
178,7,334,197
178,11,68,191
178,13,134,200
178,15,520,201
178,16,264,198
178,18,666,270
178,19,304,196
178,21,364,191
178,9,37,192
178,17,480,174
178,20,502,193
179,0,442,285
179,7,333,195
179,11,69,190
179,13,135,200
179,15,520,201
179,16,264,198
179,18,663,269
179,19,303,196
179,21,363,191
179,9,38,192
179,17,481,174
179,20,502,193
180,0,449,292
180,7,332,195
180,13,134,200
180,15,520,201
180,16,265,198
180,18,659,267
180,19,304,197
180,21,363,191
180,9,38,192
180,11,69,188
180,17,483,173
180,20,502,193
181,0,457,293
181,7,332,193
181,9,42,192
181,11,69,192
181,13,134,200
181,15,520,201
181,16,267,198
181,18,654,265
181,19,305,197
181,21,362,190
181,22,389,194
181,20,501,191
182,0,464,295
182,7,332,194
182,9,43,192
182,13,134,200
182,15,520,201
182,16,268,199
182,18,649,262
182,19,304,197
182,21,362,190
182,22,391,191
182,11,68,193
183,0,468,295
183,7,332,193
183,9,43,192
183,11,69,188
183,13,134,200
183,15,520,200
183,16,267,199
183,18,642,257
183,19,304,196
183,21,362,190
183,22,389,190
184,0,471,295
184,7,332,193
184,9,44,192
184,11,69,193
184,13,135,200
184,15,521,199
184,16,267,199
184,18,637,253
184,19,304,195
184,21,362,190
184,22,388,190
185,0,476,295
185,7,332,192
185,9,45,192
185,11,70,192
185,13,135,200
185,15,523,193
185,16,267,199
185,18,632,251
185,19,304,195
185,21,361,190
185,22,388,191
185,23,406,192
186,0,479,294
186,7,331,192
186,9,45,192
186,11,70,192
186,13,135,201
186,16,267,199
186,18,629,251
186,19,304,195
186,21,361,190
186,22,388,190
186,23,405,191
186,15,525,194
187,0,486,293
187,7,331,191
187,9,45,192
187,11,69,193
187,13,135,200
187,16,267,199
187,18,626,251
187,19,304,195
187,21,361,190
187,22,387,190
187,23,405,190
188,0,495,291
188,7,331,191
188,9,46,192
188,11,70,193
188,13,135,201
188,16,266,200
188,18,625,251
188,19,303,195
188,21,361,190
188,22,387,191
188,23,405,190
189,0,503,288
189,7,331,191
189,9,46,192
189,11,70,193
189,13,135,203
189,16,265,200
189,18,623,252
189,19,303,195
189,21,361,190
189,22,387,190
189,23,405,190
190,0,510,287
190,7,331,191
190,9,47,192
190,11,70,193
190,13,135,203
190,16,265,201
190,18,622,252
190,19,303,195
190,21,360,190
190,22,385,194
190,23,405,190
191,0,518,285
191,7,331,191
191,9,47,192
191,11,70,192
191,13,135,202
191,16,265,201
191,18,621,253
191,19,303,195
191,21,360,190
191,22,385,193
191,23,404,190
192,0,527,284
192,7,331,191
192,11,70,193
192,13,135,202
192,16,265,201
192,18,622,254
192,19,303,195
192,21,360,190
192,22,385,191
192,23,404,190
192,9,47,192
193,0,543,284
193,7,330,191
193,13,135,202
193,16,265,201
193,18,621,255
193,19,303,195
193,21,360,190
193,22,385,192
193,23,404,190
193,24,425,197
193,9,48,192
193,11,70,193
194,0,543,284
194,7,330,191
194,11,70,193
194,13,135,202
194,16,265,200
194,18,623,255
194,19,303,195
194,21,359,190
194,22,385,192
194,23,404,190
194,24,424,196
194,9,48,192
195,0,546,285
195,7,330,191
195,11,70,188
195,13,135,201
195,16,264,200
195,18,626,254
195,19,302,195
195,21,359,191
195,22,384,191
195,23,404,190
195,24,424,196
195,9,49,193
196,0,554,286
196,7,331,192
196,11,70,188
196,13,135,201
196,16,264,200
196,18,627,254
196,19,302,196
196,21,359,191
196,22,384,191
196,23,404,190
196,24,425,196
196,9,49,193
197,0,562,287
197,7,331,192
197,11,71,188
197,13,135,202
197,16,264,200
197,19,302,196
197,21,358,191
197,22,384,192
197,23,404,190
197,24,425,196
197,25,468,199
197,9,50,193
197,18,635,222
197,20,501,177
198,0,570,287
198,7,330,192
198,11,71,187
198,13,135,202
198,16,264,199
198,19,302,195
198,21,358,191
198,22,384,193
198,23,403,191
198,24,426,196
198,25,467,200
198,9,50,193
198,20,501,184
199,0,580,286
199,7,330,193
199,11,71,187
199,13,135,202
199,16,264,200
199,19,302,195
199,20,501,194
199,21,358,191
199,22,383,193
199,23,403,191
199,24,425,196
199,25,467,200
199,9,51,193
200,0,591,284
200,7,330,193
200,11,71,187
200,13,134,202
200,16,264,201
200,19,301,196
200,20,501,195
200,21,358,191
200,22,383,193
200,23,403,191
200,24,424,195
200,25,465,199
200,9,51,193
201,0,602,282
201,7,330,194
201,11,71,187
201,13,134,202
201,16,264,201
201,19,301,196
201,20,501,196
201,21,359,191
201,22,383,193
201,23,403,192
201,24,424,199
201,25,464,199
201,26,523,201
201,9,51,193
202,0,615,279
202,7,330,193
202,11,71,187
202,13,134,202
202,16,264,201
202,19,302,196
202,20,501,196
202,21,358,191
202,22,382,193
202,23,403,192
202,25,464,200
202,26,523,202
202,27,17,194
202,9,51,193
202,24,424,200
203,0,628,276
203,7,330,193
203,11,71,187
203,13,134,203
203,16,264,202
203,19,302,195
203,20,500,196
203,21,358,191
203,22,382,193
203,23,403,191
203,24,424,199
203,25,464,200
203,26,523,202
203,27,17,194
203,9,51,193
204,0,643,274
204,7,330,193
204,11,71,187
204,13,134,202
204,16,265,202
204,19,302,195
204,20,500,196
204,21,358,191
204,22,382,193
204,23,403,191
204,25,463,200
204,26,523,203
204,27,17,194
204,9,51,193
204,24,424,198
205,0,655,272
205,7,330,193
205,11,70,187
205,16,265,202
205,19,302,195
205,20,500,196
205,21,358,191
205,22,382,192
205,23,403,191
205,24,424,198
205,25,463,201
205,26,523,202
205,27,17,193
205,9,51,193
205,13,134,202
206,0,669,271
206,7,330,193
206,11,70,187
206,13,134,203
206,16,266,203
206,19,302,195
206,20,500,196
206,21,358,191
206,22,382,192
206,23,404,190
206,24,423,199
206,25,463,201
206,26,522,201
206,27,17,193
206,28,566,239
206,9,51,193
207,0,685,271
207,7,330,193
207,11,70,187
207,16,266,204
207,19,303,195
207,20,501,195
207,21,358,191
207,22,381,192
207,23,404,190
207,24,423,200
207,25,461,202
207,26,522,200
207,27,17,194
207,28,567,240
207,9,52,193
207,13,133,202
208,0,700,272
208,7,331,193
208,11,70,187
208,16,267,204
208,19,303,195
208,20,500,195
208,21,358,191
208,22,381,192
208,23,404,190
208,24,423,199
208,25,462,202
208,26,521,200
208,27,18,194
208,28,566,241
208,9,53,192
208,13,133,202
209,0,715,273
209,7,331,193
209,11,70,187
209,16,268,204
209,19,304,194
209,20,500,195
209,21,358,191
209,22,380,193
209,23,404,191
209,24,422,200
209,25,461,202
209,26,521,200
209,27,19,195
209,28,566,242
210,0,734,274
210,7,331,193
210,11,70,187
210,16,269,205
210,19,304,194
210,20,501,195
210,21,357,191
210,22,380,193
210,23,404,190
210,24,422,200
210,25,460,202
210,27,20,195
210,28,565,243
210,26,520,197
211,0,747,274
211,11,68,187
211,13,133,195
211,16,270,204
211,19,304,195
211,20,500,196
211,21,357,191
211,22,379,194
211,23,403,191
211,24,421,199
211,25,460,202
211,27,22,195
211,28,563,242
211,7,331,193
211,26,519,195
212,0,759,274
212,11,69,187
212,13,133,195
212,16,271,204
212,19,305,195
212,20,500,196
212,21,357,191
212,22,379,194
212,23,403,191
212,24,421,200
212,25,459,201
212,27,22,196
212,28,561,241
213,0,772,272
213,11,69,187
213,13,133,195
213,16,272,204
213,19,305,195
213,20,500,196
213,21,357,192
213,22,379,194
213,23,404,191
213,24,422,200
213,25,457,201
213,27,22,195
213,28,558,241
214,0,787,271
214,7,332,193
214,11,69,187
214,13,133,195
214,16,273,203
214,19,306,195
214,21,357,192
214,22,379,194
214,23,403,191
214,24,422,200
214,25,455,201
214,27,22,194
214,28,554,240
214,20,499,195
215,0,802,274
215,7,332,193
215,11,69,187
215,13,133,195
215,16,273,203
215,19,306,195
215,21,357,192
215,22,379,195
215,23,402,191
215,24,422,200
215,25,454,201
215,27,23,194
215,28,550,239
215,20,498,191
216,0,817,310
216,7,332,193
216,11,68,187
216,13,133,195
216,16,274,203
216,19,305,195
216,21,357,192
216,22,379,194
216,23,402,191
216,24,422,200
216,25,453,201
216,27,24,195
216,28,547,236
216,20,497,190
217,0,829,316
217,7,333,193
217,11,69,187
217,13,133,196
217,16,275,204
217,19,307,196
217,21,356,192
217,22,378,194
217,23,403,191
217,24,421,200
217,25,453,201
217,27,25,196
217,28,545,233
217,20,497,190
218,7,333,194
218,11,69,187
218,13,134,204
218,16,277,204
218,19,307,196
218,21,356,192
218,22,377,194
218,23,402,191
218,24,422,200
218,25,452,201
218,27,25,194
218,28,542,231
218,20,496,191
219,7,333,193
219,11,69,187
219,13,134,206
219,16,277,204
219,19,308,196
219,21,356,192
219,22,377,193
219,23,402,190
219,24,421,199
219,25,447,200
219,27,25,193
219,28,539,231
219,20,498,195
220,7,333,193
220,11,69,187
220,13,134,205
220,16,278,204
220,19,307,196
220,21,356,192
220,22,377,192
220,23,402,191
220,25,445,200
220,27,26,193
220,28,538,231
220,24,419,201
221,7,333,193
221,11,70,187
221,13,134,205
221,16,279,205
221,19,307,196
221,21,355,192
221,22,375,192
221,23,402,190
221,25,444,201
221,27,27,194
221,28,535,231
221,24,420,200
222,11,70,187
222,13,134,208
222,16,279,206
222,19,307,196
222,21,356,192
222,22,376,192
222,25,440,201
222,27,28,194
222,28,534,231
222,7,333,193
222,23,402,190
222,24,420,200
223,7,333,193
223,11,70,187
223,13,135,209
223,16,280,206
223,19,307,196
223,21,355,192
223,22,376,192
223,23,401,190
223,25,436,202
223,27,27,194
223,28,532,231
224,7,332,193
224,11,70,187
224,13,134,208
224,16,280,207
224,19,307,197
224,21,355,192
224,22,376,192
224,23,402,190
224,25,436,202
224,27,28,191
224,28,531,232
225,7,333,194
225,11,69,187
225,13,135,209
225,16,280,208
225,21,354,192
225,22,376,192
225,23,401,190
225,25,436,203
225,27,28,192
225,28,530,233
225,19,307,197
226,7,332,194
226,11,70,187
226,16,281,208
226,19,308,196
226,21,354,191
226,22,376,192
226,23,401,190
226,25,435,203
226,27,28,192
226,28,527,233
226,13,135,209
227,7,332,194
227,11,70,187
227,16,281,208
227,21,354,190
227,22,375,192
227,23,401,190
227,25,433,202
227,27,29,192
227,28,525,233
227,29,463,194
227,13,135,210
227,19,307,197
228,7,332,194
228,11,70,187
228,16,281,208
228,21,354,190
228,22,375,193
228,23,402,191
228,25,433,203
228,27,29,192
228,28,524,233
228,29,462,193
228,13,135,209
228,19,308,196
229,7,331,194
229,11,70,188
229,16,281,208
229,21,354,190
229,22,374,193
229,23,402,191
229,25,432,202
229,27,29,192
229,28,522,233
229,29,464,193
229,13,135,208
229,19,308,196
230,7,332,194
230,11,71,188
230,16,280,207
230,19,309,196
230,21,353,190
230,22,374,193
230,25,431,202
230,27,31,194
230,28,521,232
230,29,464,193
230,13,135,208
230,23,403,193
231,7,331,194
231,11,72,188
231,16,281,207
231,19,309,195
231,21,353,190
231,22,375,194
231,25,430,201
231,27,31,194
231,28,519,231
231,29,464,193
231,13,134,208
231,23,403,192
232,7,331,194
232,11,72,188
232,16,281,207
232,19,309,195
232,21,353,191
232,22,375,193
232,25,429,201
232,27,31,195
232,28,517,230
232,29,464,193
232,30,820,320
232,13,134,208
232,23,402,190
233,7,331,194
233,16,280,206
233,19,309,195
233,21,353,190
233,22,375,193
233,23,402,190
233,25,427,201
233,27,32,195
233,28,517,228
233,29,465,194
233,30,813,314
233,9,71,184
233,11,79,191
233,13,134,208
234,7,331,193
234,16,280,206
234,19,309,195
234,21,353,191
234,22,375,193
234,23,402,190
234,25,427,202
234,27,32,194
234,28,517,227
234,29,465,194
234,30,806,309
234,9,71,183
234,11,80,191
234,13,133,208
235,7,332,193
235,9,72,188
235,16,281,206
235,19,309,195
235,21,354,191
235,22,375,193
235,25,424,202
235,27,33,194
235,28,516,225
235,29,464,194
235,30,799,272
235,13,133,207
235,23,401,190
235,24,405,195
236,7,332,193
236,16,280,206
236,19,310,195
236,21,354,191
236,22,375,192
236,25,423,202
236,27,33,194
236,28,515,223
236,29,463,194
236,30,793,271
236,9,72,183
236,13,132,207
236,23,401,190
236,24,393,190
237,7,332,193
237,9,72,186
237,16,280,207
237,19,309,195
237,21,354,191
237,22,375,191
237,25,421,203
237,27,33,194
237,28,515,223
237,29,463,195
237,30,787,270
237,13,132,208
237,23,400,190
237,24,393,190
238,7,332,193
238,9,72,187
238,16,280,207
238,19,309,195
238,21,354,191
238,22,374,191
238,25,420,203
238,27,34,194
238,28,511,223
238,29,462,194
238,30,783,269
238,11,80,189
238,13,133,208
238,24,394,190
239,7,332,193
239,16,280,207
239,19,309,196
239,21,354,191
239,22,374,191
239,25,418,204
239,27,35,194
239,28,509,224
239,29,463,194
239,30,779,270
239,9,71,183
239,11,81,189
239,13,133,209
239,23,403,191
239,24,393,188
240,7,333,193
240,16,280,208
240,19,309,195
240,21,354,192
240,22,374,191
240,25,416,204
240,27,35,194
240,28,503,224
240,29,462,194
240,30,775,270
240,9,70,183
240,24,393,188
241,7,330,192
241,16,280,208
241,19,310,196
241,21,353,190
241,22,373,190
241,25,415,205
241,27,36,194
241,28,501,224
241,29,462,194
241,30,773,271
241,9,72,184
241,11,82,188
241,24,393,188
242,7,331,191
242,16,280,209
242,21,352,190
242,22,373,190
242,25,414,205
242,27,36,194
242,28,500,224
242,29,463,193
242,30,771,272
242,31,10,194
242,9,72,184
242,11,82,188
242,13,137,212
242,19,310,196
242,24,393,188
243,7,330,192
243,16,280,209
243,21,352,190
243,22,373,190
243,25,412,205
243,27,38,194
243,28,500,225
243,29,463,193
243,30,769,273
243,31,10,194
243,9,71,183
243,11,82,186
243,19,309,195
243,24,395,188
244,7,330,192
244,16,282,211
244,21,352,190
244,22,373,190
244,25,410,204
244,27,39,194
244,28,499,225
244,29,463,193
244,30,766,275
244,31,10,194
244,32,546,202
244,11,81,188
244,19,308,195
245,7,330,192
245,16,283,211
245,21,352,190
245,22,372,190
245,25,410,204
245,27,39,194
245,28,498,224
245,30,764,276
245,31,11,194
245,32,547,203
245,11,80,188
245,29,464,193
246,7,330,192
246,16,284,211
246,21,353,190
246,22,372,191
246,25,409,204
246,27,39,194
246,28,496,224
246,30,761,278
246,31,11,194
246,32,546,203
246,9,82,219
246,11,80,188
247,7,331,192
247,11,78,187
247,16,287,211
247,21,353,189
247,22,372,191
247,25,409,203
247,27,40,195
247,28,495,223
247,30,759,279
247,31,11,194
247,32,547,203
247,9,81,219
248,7,331,192
248,16,287,210
248,21,353,190
248,22,372,190
248,25,409,202
248,27,40,195
248,28,493,222
248,30,754,281
248,31,11,193
248,32,547,203
248,11,77,187
249,7,331,192
249,11,76,186
249,16,288,210
249,21,353,189
249,22,371,190
249,25,408,202
249,27,40,194
249,28,487,221
249,30,752,282
249,31,11,193
249,32,547,203
249,9,80,209
250,7,332,192
250,16,290,210
250,21,352,189
250,22,371,190
250,25,407,202
250,27,41,195
250,28,487,219
250,30,745,282
250,31,11,193
250,32,547,203
250,9,79,205
250,11,75,185
251,7,332,191
251,16,290,210
251,21,352,189
251,22,370,190
251,25,406,202
251,27,41,194
251,28,485,218
251,30,740,282
251,31,11,193
251,32,548,204
251,9,80,206
251,11,73,184
252,7,332,191
252,16,292,209
252,21,351,189
252,22,370,190
252,25,404,203
252,27,41,194
252,28,483,218
252,30,734,282
252,31,11,192
252,32,548,203
252,11,76,184
253,7,333,191
253,16,294,209
253,21,351,189
253,22,369,189
253,25,403,204
253,27,42,193
253,28,481,218
253,30,734,282
253,31,11,192
253,32,548,203
254,7,334,191
254,16,296,209
254,21,351,189
254,22,369,189
254,25,402,203
254,27,41,193
254,28,480,217
254,30,725,281
254,31,11,191
254,32,549,203
254,33,800,275
254,9,78,204
255,16,297,209
255,21,352,189
255,22,369,189
255,25,401,204
255,27,41,192
255,28,481,218
255,30,714,281
255,31,11,193
255,32,549,203
255,33,797,288
255,7,334,189
255,9,75,205
256,16,298,210
256,21,352,189
256,22,368,189
256,25,398,204
256,28,481,218
256,30,710,281
256,31,11,193
256,32,549,204
256,33,794,283
256,7,334,190
256,9,74,206
256,27,41,191
257,16,298,210
257,21,352,189
257,22,368,188
257,25,396,205
257,28,481,219
257,30,705,281
257,32,549,204
257,33,794,279
257,7,335,190
257,9,74,206
257,27,39,189
257,31,11,194
258,9,75,206
258,16,299,211
258,21,352,189
258,22,368,189
258,25,395,205
258,28,478,219
258,30,700,281
258,32,550,203
258,33,792,277
258,27,40,189
258,31,13,193
259,16,299,211
259,21,352,189
259,22,368,189
259,25,394,205
259,28,477,220
259,30,695,281
259,32,550,203
259,33,792,277
259,9,74,208
259,11,53,193
259,27,40,179
259,31,12,220
260,16,298,211
260,21,352,189
260,22,368,189
260,25,392,205
260,28,477,219
260,30,692,280
260,32,550,203
260,33,790,277
260,34,417,193
260,9,73,206
260,27,40,179
260,31,11,220
261,16,299,212
261,21,352,189
261,22,367,190
261,25,390,204
261,28,477,220
261,30,686,281
261,32,551,203
261,33,787,278
261,34,416,193
261,9,73,208
261,27,40,179
261,31,12,212
262,16,300,213
262,21,352,189
262,22,367,190
262,25,389,204
262,28,476,220
262,30,676,281
262,32,551,203
262,33,782,278
262,9,73,209
262,31,12,213
262,34,416,194
263,16,300,214
263,21,352,189
263,22,367,190
263,25,388,204
263,28,475,220
263,30,668,283
263,32,551,203
263,33,779,279
263,34,416,194
263,9,73,212
263,27,42,179
263,31,12,212
264,9,73,217
264,16,301,214
264,21,352,189
264,22,367,190
264,25,387,204
264,28,474,219
264,30,661,284
264,31,13,210
264,32,552,204
264,33,775,280
264,34,416,195
264,35,257,188
264,11,33,185
264,27,43,180
265,9,73,216
265,16,302,215
265,21,352,189
265,25,386,204
265,28,473,218
265,30,657,285
265,31,14,210
265,32,552,204
265,33,771,281
265,35,256,188
265,11,32,187
265,22,367,190
265,27,47,181
265,34,414,195
266,9,74,215
266,16,301,215
266,21,352,189
266,25,385,204
266,28,473,217
266,30,654,285
266,31,14,211
266,32,553,204
266,33,766,282
266,35,257,188
266,36,803,240
266,11,33,187
266,22,366,190
266,27,47,182
266,34,415,195
267,16,302,215
267,21,352,189
267,25,383,206
267,28,472,216
267,30,653,285
267,31,14,211
267,32,554,204
267,33,763,283
267,35,257,188
267,36,800,240
267,7,336,192
267,9,74,215
267,22,366,190
267,27,47,182
267,34,414,195
268,16,303,214
268,25,382,207
268,28,471,215
268,30,652,285
268,31,18,212
268,32,554,204
268,33,759,282
268,35,257,188
268,36,798,240
268,7,335,191
268,9,74,215
268,21,350,188
268,22,365,191
268,27,47,181
268,34,413,195
269,16,302,214
269,25,382,207
269,28,470,214
269,30,651,285
269,31,21,213
269,32,555,204
269,33,754,282
269,35,257,188
269,36,795,241
269,7,336,191
269,9,75,234
269,21,351,189
269,22,365,190
269,34,412,196
270,9,76,216
270,16,302,214
270,25,381,207
270,28,469,214
270,30,648,283
270,31,21,213
270,32,555,204
270,33,751,280
270,34,412,195
270,35,256,189
270,36,792,241
270,7,337,190
270,21,350,189
270,22,365,190
271,9,73,201
271,16,301,213
271,25,378,207
271,28,469,213
271,30,643,280
271,31,21,213
271,32,556,204
271,33,752,278
271,34,412,194
271,35,257,188
271,36,791,239
271,7,335,195
271,21,339,188
271,27,49,181
272,9,75,210
272,16,300,213
272,25,378,208
272,28,468,213
272,30,638,278
272,31,21,213
272,32,557,204
272,33,751,276
272,34,411,193
272,35,257,188
272,36,790,239
272,37,525,198
272,7,336,194
272,21,339,187
272,27,50,181
273,9,74,206
273,16,301,213
273,25,378,208
273,28,469,213
273,30,630,275
273,31,21,213
273,32,556,204
273,33,748,273
273,34,411,193
273,35,257,189
273,36,787,239
273,37,525,198
273,21,338,188
274,9,75,209
274,16,302,213
274,25,377,208
274,28,468,214
274,30,623,271
274,31,22,213
274,32,557,205
274,33,746,268
274,34,411,194
274,35,257,189
274,36,785,238
274,37,526,198
274,7,335,195
274,21,338,187
275,9,76,218
275,16,302,214
275,25,376,208
275,28,468,215
275,30,618,268
275,31,23,214
275,32,558,203
275,33,737,264
275,34,411,193
275,35,257,189
275,36,779,237
275,37,528,198
275,38,144,195
275,7,337,195
275,21,339,188
276,9,75,218
276,16,303,215
276,25,375,208
276,28,467,216
276,30,614,265
276,31,24,213
276,32,558,202
276,33,730,265
276,34,411,193
276,35,258,189
276,36,770,236
276,37,528,198
276,38,144,195
276,7,337,195
276,21,339,187
277,9,74,218
277,16,304,215
277,25,375,207
277,28,466,216
277,30,612,263
277,31,25,213
277,32,558,201
277,33,726,263
277,34,411,195
277,35,258,189
277,36,765,234
277,37,528,198
277,38,144,195
277,7,338,194
277,21,339,188
278,9,73,219
278,16,305,216
278,25,374,207
278,28,465,215
278,30,608,263
278,31,24,213
278,32,556,195
278,33,723,261
278,34,411,194
278,35,258,189
278,36,762,233
278,37,528,198
278,38,144,195
278,7,340,191
279,9,72,220
279,16,305,217
279,25,373,207
279,28,463,215
279,30,606,263
279,31,24,212
279,33,720,261
279,34,410,193
279,35,258,188
279,36,761,232
279,37,528,198
279,38,144,195
279,7,339,191
279,21,339,185
279,32,555,196
280,9,71,221
280,16,306,217
280,25,371,206
280,28,462,216
280,30,604,264
280,31,24,211
280,33,717,261
280,34,410,193
280,35,258,188
280,36,758,232
280,37,529,198
280,38,144,195
280,7,340,187
281,9,72,222
281,16,306,218
281,25,370,206
281,28,460,215
281,30,601,264
281,31,23,211
281,33,714,261
281,34,411,193
281,35,259,188
281,36,757,232
281,37,529,198
281,38,144,195
281,21,341,185
282,9,70,222
282,16,307,220
282,25,369,206
282,28,458,214
282,30,599,264
282,31,23,211
282,33,711,262
282,34,410,194
282,35,259,188
282,36,755,232
282,38,144,195
282,32,535,194
282,37,529,198
283,9,68,225
283,16,307,220
283,25,366,206
283,28,457,211
283,30,597,265
283,31,22,211
283,33,707,262
283,34,410,193
283,35,258,188
283,36,752,233
283,38,143,196
283,32,549,178
283,37,526,193
284,9,67,225
284,16,309,219
284,25,364,206
284,28,456,211
284,30,595,266
284,31,20,211
284,33,704,263
284,34,409,192
284,35,258,188
284,36,750,233
284,38,143,196
284,32,538,193
285,9,65,224
285,16,311,220
285,25,364,208
285,28,455,210
285,30,594,267
285,31,21,211
285,33,703,263
285,34,409,192
285,35,258,188
285,36,747,233
285,38,144,195
285,32,549,173
286,9,63,223
286,16,313,220
286,25,363,208
286,28,455,210
286,30,592,268
286,31,21,211
286,33,701,264
286,34,409,193
286,35,257,188
286,36,745,233
286,38,144,197
286,37,528,191
287,9,62,223
287,16,315,219
287,25,362,209
287,28,455,210
287,30,590,268
287,31,21,212
287,33,699,264
287,34,408,193
287,35,258,189
287,36,743,234
287,38,144,196
287,37,528,192
288,9,59,222
288,16,316,218
288,25,362,210
288,28,455,210
288,30,588,267
288,33,697,264
288,34,409,193
288,35,258,189
288,36,739,234
288,38,145,196
288,39,494,190
288,31,30,212
288,37,528,191
289,9,57,222
289,16,318,218
289,25,361,210
289,28,455,210
289,30,586,266
289,33,696,264
289,34,409,193
289,35,258,189
289,36,737,234
289,38,145,197
289,39,494,191
289,31,29,213
289,37,529,192
290,9,56,221
290,16,320,218
290,25,365,208
290,28,455,211
290,30,582,264
290,33,693,263
290,34,409,193
290,35,258,189
290,36,734,234
290,38,144,197
290,39,495,191
290,31,29,213
290,37,529,191
291,9,55,221
291,16,321,218
291,25,363,207
291,28,454,211
291,30,579,262
291,33,689,262
291,34,409,193
291,35,258,188
291,36,731,234
291,38,144,196
291,39,495,195
291,37,529,187
292,9,54,221
292,16,323,218
292,25,362,208
292,28,454,211
292,30,576,259
292,33,687,260
292,34,408,193
292,35,258,188
292,36,729,233
292,38,143,197
292,39,498,197
293,9,51,221
293,16,324,219
293,25,361,207
293,28,454,211
293,30,573,257
293,33,684,259
293,34,409,193
293,35,258,188
293,36,726,233
293,38,144,197
293,39,499,195
294,9,50,221
294,16,325,220
294,25,359,206
294,28,454,211
294,30,571,253
294,33,678,257
294,34,409,193
294,35,258,187
294,36,724,232
294,38,144,196
294,39,500,197
295,9,49,221
295,16,326,222
295,25,359,206
295,28,454,210
295,30,570,252
295,33,674,255
295,34,409,193
295,35,258,188
295,36,722,231
295,38,144,196
295,39,503,198
296,9,49,221
296,16,326,221
296,25,358,207
296,28,454,210
296,30,567,251
296,33,673,252
296,34,409,193
296,35,258,188
296,36,720,230
296,38,145,196
296,39,503,198
297,9,50,222
297,16,326,222
297,25,358,207
297,28,454,210
297,30,564,249
297,33,669,250
297,34,409,193
297,35,258,187
297,36,717,229
297,39,504,199
297,21,359,171
297,38,145,197
298,9,49,223
298,16,327,223
298,28,454,210
298,30,563,249
298,33,669,249
298,34,410,193
298,35,259,188
298,36,712,228
298,39,504,199
298,21,358,171
298,25,357,208
298,38,144,197
299,9,47,225
299,16,329,224
299,28,451,208
299,30,561,250
299,33,664,248
299,34,410,193
299,35,258,189
299,36,711,226
299,38,145,196
299,39,504,199
299,21,357,170
299,22,367,179
299,25,356,209
300,9,45,229
300,16,329,225
300,25,356,211
300,28,450,207
300,30,559,250
300,33,662,248
300,34,410,193
300,35,259,189
300,36,710,226
300,38,145,196
300,39,504,199
300,21,357,170
300,22,367,178
301,9,46,230
301,16,332,225
301,25,355,213
301,28,450,206
301,30,557,250
301,33,660,248
301,34,410,193
301,35,260,189
301,36,708,225
301,38,145,193
301,39,506,199
301,22,367,179
302,9,44,230
302,16,331,225
302,25,355,213
302,28,450,206
302,30,554,251
302,33,658,249
302,34,411,193
302,35,260,189
302,36,703,225
302,38,145,193
302,39,508,198
302,22,367,179
303,9,43,230
303,16,332,225
303,25,356,213
303,28,449,206
303,30,552,251
303,33,656,249
303,34,411,193
303,35,261,189
303,36,700,225
303,38,145,193
303,39,509,198
303,22,368,179
304,9,42,229
304,16,335,225
304,28,450,206
304,30,552,251
304,33,655,250
304,34,411,194
304,35,261,189
304,36,703,226
304,38,145,193
304,39,509,197
304,21,356,170
304,22,368,180
304,25,356,213
305,9,41,229
305,16,336,224
305,28,449,206
305,30,551,252
305,33,652,250
305,34,411,194
305,35,262,189
305,36,702,226
305,38,145,194
305,7,352,169
305,21,356,171
305,22,368,180
305,25,355,213
305,39,511,203
306,9,40,228
306,16,332,223
306,28,449,206
306,30,549,252
306,33,650,251
306,34,411,193
306,35,261,189
306,36,697,226
306,38,145,194
306,39,512,207
306,7,353,169
306,21,356,171
306,22,368,180
307,9,39,228
307,16,334,223
307,28,448,207
307,30,548,252
307,33,648,251
307,34,411,193
307,35,261,189
307,36,695,226
307,38,146,194
307,39,512,206
307,21,356,170
307,22,369,180
308,9,39,227
308,16,336,222
308,28,447,207
308,30,544,251
308,33,646,251
308,34,412,192
308,35,261,189
308,36,696,226
308,38,145,194
308,21,356,169
308,22,368,180
308,39,513,203
309,9,39,227
309,16,338,222
309,28,446,208
309,30,541,250
309,33,644,250
309,35,262,189
309,36,692,226
309,38,145,194
309,22,369,179
309,34,412,192
309,39,511,201
310,9,39,226
310,16,339,222
310,28,444,208
310,30,540,248
310,33,641,250
310,34,412,192
310,35,262,189
310,36,687,226
310,38,146,194
310,22,369,178
311,9,38,227
311,16,340,222
311,28,444,208
311,30,537,246
311,33,639,249
311,35,262,188
311,36,682,226
311,38,146,194
311,22,369,176
311,34,412,192
312,9,37,228
312,16,342,223
312,28,443,208
312,30,534,244
312,33,636,247
312,35,262,188
312,36,680,226
312,38,146,194
312,40,294,197
312,22,370,176
312,34,412,192
313,9,35,229
313,16,342,224
313,28,442,208
313,30,533,241
313,33,635,246
313,35,262,188
313,36,680,226
313,38,145,194
313,40,294,197
313,41,586,203
313,34,411,192
314,9,35,230
314,16,344,225
314,28,442,207
314,30,531,240
314,33,633,242
314,35,262,188
314,36,678,225
314,38,146,195
314,40,294,196
314,41,586,204
314,34,412,191
315,9,33,233
315,16,344,227
315,28,440,206
315,30,529,238
315,33,630,242
315,35,262,188
315,36,677,224
315,38,146,195
315,40,296,195
315,41,586,204
315,34,414,189
316,9,31,235
316,16,345,228
316,28,437,205
316,30,527,237
316,33,625,240
316,35,263,188
316,36,673,223
316,38,146,195
316,40,297,195
316,41,587,204
316,34,412,189
317,9,31,235
317,16,347,229
317,28,437,204
317,30,526,236
317,33,623,239
317,35,263,188
317,36,672,222
317,38,146,194
317,40,299,194
317,41,587,204
318,9,31,238
318,16,348,230
318,28,436,204
318,30,525,236
318,33,621,238
318,35,264,189
318,36,669,222
318,38,146,194
318,40,299,194
318,41,586,201
319,9,30,236
319,16,350,231
319,28,436,204
319,30,525,236
319,33,618,238
319,35,264,189
319,36,667,221
319,38,147,194
319,40,299,194
319,41,586,200
320,9,28,234
320,16,352,231
320,28,436,204
320,30,525,235
320,33,616,238
320,35,264,188
320,36,666,220
320,38,147,194
320,40,300,194
320,41,586,203
321,9,27,243
321,16,352,231
321,28,435,204
321,30,525,237
321,33,614,239
321,35,264,188
321,36,665,220
321,38,147,195
321,40,301,195
321,42,56,220
321,41,587,202
322,16,355,231
322,28,430,203
322,30,525,236
322,33,611,239
322,35,263,188
322,36,664,220
322,38,147,195
322,40,301,195
322,42,54,219
322,9,27,246
323,9,28,211
323,16,356,231
323,28,429,203
323,30,524,238
323,33,609,239
323,35,264,187
323,36,662,220
323,38,147,196
323,40,301,195
323,42,55,220
324,9,26,213
324,16,358,230
324,28,430,204
324,30,523,240
324,33,606,240
324,35,264,188
324,36,661,220
324,38,147,196
324,40,301,195
324,42,55,219
325,9,24,213
325,16,359,229
325,28,431,204
325,30,522,240
325,33,605,240
325,35,264,188
325,36,659,220
325,38,147,197
325,40,303,196
325,42,55,219
326,9,23,214
326,16,361,229
326,28,430,205
326,30,521,240
326,33,605,241
326,35,264,187
326,36,656,221
326,40,303,196
326,42,55,219
326,38,147,199
327,9,21,218
327,16,361,229
327,28,431,205
327,30,521,240
327,33,604,241
327,35,265,188
327,36,654,221
327,40,304,196
327,42,54,219
327,25,333,216
327,38,147,200
328,9,20,234
328,16,364,228
328,28,432,205
328,30,521,239
328,33,604,241
328,35,265,188
328,36,652,221
328,38,149,201
328,40,303,196
328,42,54,218
328,25,335,215
329,16,367,229
329,28,432,205
329,30,519,238
329,33,604,240
329,35,266,188
329,36,650,222
329,40,303,196
329,42,54,218
329,9,19,240
329,25,332,214
329,38,148,201
330,16,368,231
330,25,333,214
330,28,431,205
330,30,519,237
330,33,602,240
330,35,266,189
330,36,648,222
330,40,304,196
330,42,52,218
330,9,18,247
330,38,149,199
331,16,371,232
331,25,332,213
331,28,430,204
331,30,519,234
331,33,601,239
331,35,266,189
331,36,645,222
331,40,305,196
331,42,50,219
331,9,17,256
331,38,148,201
332,16,372,233
332,25,333,214
332,28,430,204
332,30,519,232
332,33,599,238
332,35,266,190
332,36,643,221
332,40,306,196
332,42,50,219
332,9,17,257
332,38,147,201
333,16,375,234
333,25,333,214
333,28,430,202
333,30,518,231
333,33,597,236
333,35,267,190
333,36,642,221
333,40,307,196
333,42,49,220
333,9,15,257
333,38,149,202
334,16,374,235
334,25,334,214
334,28,429,201
334,30,518,230
334,33,595,234
334,35,267,191
334,36,641,220
334,40,307,196
334,42,48,220
334,9,13,254
334,38,148,203
335,16,375,235
335,25,335,215
335,28,430,200
335,30,516,229
335,33,591,233
335,35,267,190
335,36,639,220
335,40,308,196
335,42,46,222
335,9,13,255
335,38,148,202
336,16,376,237
336,25,336,215
336,28,429,199
336,30,513,229
336,33,589,232
336,35,268,190
336,36,638,219
336,40,308,196
336,42,45,224
336,9,12,251
336,38,149,192
337,16,380,238
337,25,339,215
337,30,512,229
337,33,586,231
337,35,269,190
337,36,636,218
337,40,310,197
337,42,45,224
337,9,11,235
337,28,428,194
337,38,149,192
338,16,382,239
338,25,341,215
338,28,428,188
338,30,510,229
338,33,584,231
338,35,269,190
338,36,635,217
338,40,311,197
338,42,44,227
338,9,11,209
338,38,149,191
339,16,384,239
339,25,344,215
339,28,428,177
339,30,508,230
339,33,583,230
339,35,270,189
339,36,633,217
339,40,311,198
339,42,42,228
339,9,9,208
339,38,150,190
340,16,386,239
340,25,345,215
340,28,428,175
340,30,506,230
340,33,581,231
340,35,270,189
340,36,631,217
340,38,150,190
340,40,311,198
340,42,39,228
340,9,7,207
341,16,388,238
341,25,346,215
341,30,504,230
341,33,580,231
341,35,270,188
341,36,629,217
341,40,312,198
341,42,38,228
341,28,426,172
341,38,150,190
342,16,389,238
342,28,429,189
342,30,502,231
342,33,578,231
342,35,269,188
342,36,627,217
342,40,313,198
342,42,37,228
342,25,348,215
342,38,150,188
343,16,391,238
343,30,501,231
343,33,576,232
343,35,269,189
343,36,624,217
343,40,313,199
343,42,35,228
343,25,348,214
343,28,428,190
343,38,150,188
344,16,394,237
344,30,499,232
344,33,575,232
344,35,270,189
344,36,622,217
344,38,150,187
344,40,314,198
344,42,34,227
344,25,350,214
344,28,427,191
345,16,395,237
345,30,496,232
345,33,574,232
345,35,270,190
345,36,619,217
345,38,151,188
345,40,314,199
345,42,32,226
345,25,352,215
345,28,425,173
346,16,395,237
346,30,495,231
346,33,572,233
346,35,270,189
346,36,619,217
346,38,151,188
346,40,314,199
346,42,30,227
346,25,356,217
346,28,422,172
346,41,596,166
347,16,395,236
347,30,494,231
347,33,570,233
347,35,270,190
347,36,618,217
347,38,151,188
347,40,314,198
347,42,30,226
347,25,357,219
347,41,597,165
348,16,396,236
348,30,494,229
348,33,568,232
348,35,270,190
348,36,616,218
348,38,151,188
348,40,314,198
348,42,29,227
348,25,359,221
348,28,440,184
348,41,597,167
349,16,399,237
349,25,361,223
349,30,493,228
349,33,567,232
349,35,270,190
349,36,615,217
349,38,151,188
349,40,314,199
349,41,598,166
349,42,28,228
349,28,440,185
350,16,400,240
350,30,490,227
350,33,566,232
350,35,270,190
350,36,614,217
350,38,151,188
350,40,315,198
350,42,27,235
350,25,366,224
350,28,441,184
350,41,598,167
351,16,404,241
351,30,484,225
351,33,563,230
351,35,270,190
351,36,613,217
351,40,316,198
351,42,26,229
351,25,369,221
351,28,442,183
351,38,152,188
351,41,597,166
352,16,406,243
352,30,484,223
352,33,562,230
352,35,271,189
352,36,613,216
352,40,317,198
352,42,22,230
352,25,369,220
352,28,443,182
352,38,152,188
353,16,409,244
353,30,485,222
353,33,560,228
353,35,271,189
353,36,611,216
353,40,318,197
353,25,369,220
353,38,152,187
353,42,23,229
354,16,411,245
354,30,484,222
354,33,558,226
354,35,272,189
354,36,608,215
354,40,318,198
354,25,370,220
354,38,152,188
354,42,22,231
355,16,414,248
355,30,485,222
355,33,556,225
355,35,273,189
355,36,607,215
355,40,319,198
355,25,373,220
355,38,152,188
355,42,21,229
356,16,416,248
356,30,483,221
356,33,554,225
356,35,273,189
356,36,605,214
356,40,319,198
356,25,373,220
356,38,152,188
356,42,21,229
357,16,419,248
357,30,484,221
357,33,553,224
357,35,273,189
357,36,603,214
357,38,151,188
357,40,319,198
357,25,379,219
357,42,20,228
358,16,421,248
358,30,483,221
358,33,551,224
358,35,275,189
358,36,601,213
358,40,319,197
358,43,631,204
358,25,379,219
358,38,151,189
358,42,20,228
359,16,423,247
359,30,485,222
359,33,548,224
359,35,275,190
359,36,600,213
359,40,320,198
359,43,636,205
359,25,380,219
359,38,151,187
359,42,20,253
360,16,427,247
360,30,486,222
360,33,546,224
360,35,276,190
360,36,598,213
360,40,321,198
360,42,20,198
360,43,637,206
360,25,388,219
360,38,151,187
361,16,430,246
361,25,383,182
361,30,487,200
361,33,545,225
361,35,277,190
361,36,597,212
361,40,324,197
361,42,22,202
361,43,638,206
361,38,152,188
362,16,432,245
362,30,486,201
362,33,544,225
362,35,277,190
362,36,597,213
362,40,324,198
362,42,22,201
362,43,639,207
362,25,384,183
362,38,152,187
363,16,432,244
363,30,486,201
363,33,542,225
363,35,278,190
363,36,596,212
363,40,324,198
363,42,22,201
363,43,640,208
363,25,385,180
363,38,151,188
364,16,433,244
364,30,486,201
364,33,540,225
364,35,279,191
364,36,593,212
364,40,325,198
364,42,22,201
364,43,641,208
364,25,386,181
364,38,150,188
365,16,434,244
365,30,485,202
365,33,541,226
365,35,280,190
365,36,592,213
365,40,325,199
365,42,23,200
365,43,643,209
365,25,389,179
365,38,151,187
366,16,433,247
366,33,540,226
366,35,281,190
366,36,590,213
366,40,326,199
366,42,23,196
366,43,644,209
366,44,622,204
366,25,392,171
366,30,484,202
366,38,151,187
367,16,437,250
367,30,484,180
367,33,539,226
367,35,282,190
367,36,589,213
367,40,327,199
367,42,24,196
367,43,647,209
367,44,623,203
367,25,395,171
367,38,152,187
368,16,440,252
368,25,398,225
368,30,485,178
368,33,539,226
368,35,283,189
368,36,586,214
368,40,326,199
368,42,25,197
368,43,650,209
368,44,622,204
368,38,151,187
369,16,447,252
369,25,401,225
369,30,485,176
369,33,538,225
369,35,284,190
369,36,586,213
369,40,326,199
369,42,27,197
369,43,652,208
369,44,622,204
369,38,151,187
370,16,442,254
370,33,537,225
370,35,284,189
370,36,584,213
370,40,327,199
370,42,27,197
370,43,658,207
370,44,622,205
370,25,406,227
370,30,484,176
370,38,151,187
370,45,94,200
371,16,444,256
371,33,535,223
371,35,285,189
371,36,582,213
371,40,327,199
371,42,28,196
371,43,663,207
371,44,622,206
371,25,410,224
371,38,150,187
371,45,93,200
372,16,446,258
372,25,395,193
372,33,530,222
372,35,285,189
372,36,580,212
372,40,328,199
372,42,28,196
372,43,666,206
372,44,622,206
372,45,92,184
373,16,448,259
373,25,394,193
373,33,528,221
373,35,285,190
373,36,579,212
373,40,328,199
373,42,28,195
373,43,671,207
373,44,620,206
373,45,91,184
374,16,450,261
374,25,392,193
374,33,527,220
374,35,285,190
374,36,578,211
374,40,328,200
374,42,30,195
374,43,674,208
374,44,621,206
374,45,91,184
375,16,452,261
375,25,390,193
375,33,527,220
375,35,286,190
375,36,577,210
375,40,328,200
375,42,31,195
375,43,679,209
375,44,622,206
375,45,89,183
375,38,151,187
376,16,454,260
376,25,390,194
376,33,527,218
376,35,286,191
376,36,576,210
376,40,328,201
376,42,33,195
376,43,682,210
376,44,622,206
376,38,152,185
376,45,89,184
377,16,458,260
377,25,390,194
377,33,528,216
377,35,287,191
377,36,575,209
377,40,328,201
377,42,33,195
377,43,685,211
377,44,623,206
377,38,152,185
377,45,89,184
378,16,465,259
378,25,391,196
378,33,529,213
378,35,288,191
378,36,574,209
378,40,329,201
378,42,34,196
378,43,688,212
378,44,624,206
378,38,153,185
378,45,89,184
379,16,468,258
379,25,391,196
379,33,531,197
379,35,287,191
379,36,573,209
379,40,329,201
379,43,689,212
379,44,625,206
379,38,153,185
379,42,33,195
379,45,90,184
380,16,477,258
380,25,390,196
380,33,531,194
380,35,288,191
380,36,572,208
380,40,329,202
380,42,36,194
380,43,691,213
380,44,626,206
380,45,90,203
380,38,152,186
381,16,479,258
381,25,391,196
381,33,531,194
381,35,288,191
381,36,570,208
381,40,329,202
381,42,36,195
381,43,692,213
381,44,626,205
381,45,91,203
381,38,153,184
382,16,482,257
382,25,390,195
382,33,531,194
382,35,290,191
382,36,569,208
382,40,329,202
382,42,37,196
382,43,696,213
382,44,627,205
382,45,92,203
383,16,489,256
383,25,389,195
383,35,289,191
383,36,568,209
383,40,328,202
383,42,38,195
383,43,700,212
383,44,628,205
383,45,92,203
383,33,531,192
384,16,495,256
384,25,387,194
384,35,289,190
384,36,568,209
384,40,329,202
384,42,40,193
384,43,704,211
384,44,629,205
384,45,91,203
384,33,549,197
384,38,155,189
385,16,496,258
385,25,386,194
385,35,288,191
385,36,568,209
385,40,329,202
385,42,43,195
385,43,708,211
385,44,629,205
385,45,91,204
385,33,548,196
385,38,157,191
386,16,502,261
386,25,384,193
386,35,289,191
386,36,567,209
386,38,157,191
386,40,330,201
386,42,44,194
386,43,712,210
386,44,630,206
386,45,91,204
386,33,549,196
387,16,513,262
387,25,384,193
387,35,290,191
387,36,567,210
387,38,155,191
387,40,330,201
387,42,45,194
387,43,714,210
387,44,631,205
387,45,92,203
387,33,550,197
388,16,519,263
388,25,384,193
388,35,291,192
388,36,566,210
388,38,155,191
388,40,330,201
388,42,45,193
388,43,719,210
388,44,631,205
388,45,93,202
388,46,438,215
389,16,522,266
389,25,383,193
389,35,291,192
389,36,565,210
389,38,155,192
389,40,330,201
389,42,45,193
389,43,723,211
389,44,633,205
389,45,92,201
389,46,439,214
390,16,527,268
390,25,383,192
390,35,292,192
390,36,565,209
390,38,155,192
390,40,330,200
390,42,45,194
390,43,728,211
390,44,634,205
390,45,89,200
390,46,440,213
391,16,527,273
391,25,382,192
391,35,292,193
391,38,155,193
391,40,331,200
391,42,47,192
391,43,735,212
391,44,635,205
391,46,441,213
391,36,566,192
391,45,88,199
392,16,528,275
392,25,382,193
392,35,294,193
392,38,155,194
392,40,331,200
392,42,47,193
392,43,740,213
392,44,636,205
392,45,88,199
392,46,443,212
393,16,529,275
393,25,382,193
393,35,296,193
393,38,154,194
393,40,331,201
393,42,48,194
393,43,744,214
393,44,637,205
393,45,89,199
393,46,443,211
394,16,532,275
394,25,381,193
394,35,295,193
394,38,155,194
394,40,332,201
394,42,48,194
394,43,746,216
394,44,638,206
394,45,88,201
394,46,443,211
394,47,818,261
395,16,535,275
395,25,382,194
395,35,296,192
395,38,155,194
395,40,332,201
395,42,48,194
395,43,748,216
395,44,639,206
395,45,89,201
395,46,442,211
395,47,817,260
396,16,540,274
396,25,382,194
396,35,297,192
396,38,155,194
396,40,332,202
396,42,49,194
396,43,750,217
396,44,640,206
396,45,89,202
396,46,442,212
396,47,815,259
397,16,546,273
397,25,383,194
397,35,297,192
397,38,155,194
397,40,332,202
397,42,49,194
397,43,751,217
397,44,640,206
397,46,442,212
397,47,814,246
397,45,88,201
398,16,549,273
398,25,382,194
398,35,297,192
398,38,155,194
398,40,332,202
398,42,49,194
398,43,753,217
398,44,642,206
398,45,88,202
398,46,443,212
398,47,812,246
399,16,557,272
399,25,382,193
399,35,298,192
399,38,154,194
399,40,332,203
399,42,49,188
399,43,756,217
399,44,642,207
399,46,443,212
399,47,811,246
399,45,91,203
400,16,557,270
400,25,382,193
400,35,297,192
400,38,154,194
400,40,333,203
400,42,49,194
400,43,760,216
400,44,643,207
400,46,444,212
400,47,811,244
400,45,89,204
401,16,560,272
401,25,381,193
401,35,297,192
401,38,154,193
401,40,333,204
401,42,49,193
401,43,764,216
401,44,644,207
401,46,444,212
401,47,810,245
401,45,92,204
402,16,562,278
402,25,381,193
402,35,298,192
402,38,154,194
402,40,333,204
402,42,50,190
402,43,771,214
402,44,645,207
402,46,444,212
402,47,803,243
402,48,492,210
402,45,90,203
403,16,565,277
403,25,381,192
403,35,298,193
403,38,155,194
403,40,334,204
403,42,49,186
403,43,777,214
403,44,647,207
403,46,444,212
403,47,799,248
403,48,492,210
403,45,89,204
404,16,569,278
404,25,382,191
404,35,298,193
404,38,155,194
404,40,334,204
404,42,49,186
404,43,781,214
404,44,650,207
404,45,88,204
404,46,443,212
404,47,809,248
404,48,492,210
405,16,573,278
405,25,381,191
405,35,299,193
405,38,155,194
405,40,334,204
405,42,50,191
405,45,87,204
405,46,443,212
405,47,807,245
405,48,494,211
405,43,784,214
405,44,653,207
406,16,579,279
406,25,381,191
406,35,298,193
406,38,155,194
406,40,333,204
406,42,50,192
406,43,784,177
406,45,87,204
406,46,443,211
406,47,806,243
406,48,494,211
406,44,655,207
407,16,584,280
407,25,381,191
407,35,297,193
407,38,155,195
407,40,333,203
407,42,49,192
407,43,783,194
407,46,440,211
407,47,807,242
407,48,494,212
407,45,86,203
408,16,586,280
408,25,381,191
408,35,298,193
408,38,155,195
408,40,333,203
408,42,49,192
408,43,786,179
408,45,87,203
408,46,441,211
408,47,805,241
408,48,494,213
409,16,591,280
409,25,381,191
409,35,298,194
409,38,155,195
409,40,333,203
409,46,439,210
409,47,802,241
409,48,493,215
409,42,49,190
409,43,786,176
409,45,86,203
410,16,596,279
410,25,380,192
410,35,297,194
410,38,155,195
410,40,334,204
410,46,440,209
410,47,798,241
410,48,492,214
410,42,48,183
410,45,86,203
411,16,602,279
411,25,380,192
411,35,297,193
411,38,155,195
411,40,334,204
411,46,438,208
411,47,791,241
411,48,492,213
411,42,48,183
411,45,87,203
412,16,608,278
412,25,380,192
412,35,297,193
412,38,156,194
412,40,335,205
412,46,436,208
412,47,785,241
412,48,492,213
412,42,49,184
412,45,87,181
413,16,615,277
413,25,380,192
413,35,297,193
413,40,336,205
413,46,435,208
413,47,782,242
413,48,490,212
413,38,156,193
413,45,84,181
414,16,627,275
414,25,380,192
414,35,297,192
414,40,337,205
414,46,435,207
414,47,779,243
414,48,489,211
414,38,156,193
414,45,84,181
415,16,631,274
415,25,380,192
415,35,296,192
415,40,337,206
415,46,435,207
415,47,778,243
415,48,488,211
415,38,156,193
415,45,85,181
416,16,636,273
416,25,379,192
416,35,296,192
416,40,337,206
416,46,434,207
416,47,778,243
416,48,487,211
416,49,539,204
416,38,156,193
416,45,84,181
417,16,643,272
417,25,379,191
417,35,297,193
417,40,336,206
417,46,432,207
417,47,781,243
417,48,485,211
417,49,541,203
417,50,828,234
417,38,155,193
417,45,85,207
418,16,645,272
418,25,377,182
418,35,297,193
418,40,336,207
418,46,431,207
418,47,779,242
418,48,485,211
418,49,541,203
418,50,825,233
418,38,155,194
418,45,85,207
419,16,657,271
419,25,376,179
419,35,298,194
419,40,335,207
419,46,431,208
419,47,777,241
419,48,485,210
419,49,541,203
419,50,823,231
419,38,154,194
419,45,85,207
420,16,661,271
420,25,376,178
420,35,298,194
420,40,335,207
420,46,430,208
420,47,777,240
420,48,484,211
420,49,539,203
420,50,822,228
420,38,155,194
420,45,86,207
421,16,669,270
421,25,375,177
421,35,300,194
421,40,335,207
421,46,430,209
421,47,775,239
421,48,483,210
421,49,539,204
421,50,822,231
421,38,156,193
421,45,85,182
422,16,677,270
422,25,375,177
422,35,300,195
422,40,334,206
422,46,429,209
422,47,772,236
422,48,482,211
422,49,539,204
422,50,820,232
422,38,156,193
422,45,85,182
423,16,689,271
423,25,375,177
423,35,299,196
423,40,333,206
423,46,428,210
423,47,769,233
423,48,482,212
423,49,539,204
423,50,816,232
423,38,156,193
423,45,84,181
424,16,698,271
424,25,375,177
424,35,299,196
424,40,334,205
424,46,428,209
424,48,482,212
424,49,538,204
424,50,812,232
424,38,155,194
424,42,70,194
424,45,83,187
424,47,770,221
425,16,700,271
425,25,375,179
425,35,300,195
425,40,334,205
425,46,427,210
425,48,481,212
425,49,537,204
425,50,812,232
425,51,573,202
425,38,155,193
425,42,70,197
425,45,84,172
425,47,773,214
426,16,708,272
426,25,376,178
426,35,300,195
426,40,335,204
426,46,427,209
426,48,481,213
426,49,537,204
426,50,814,232
426,51,574,202
426,38,154,192
426,42,83,197
426,45,83,179
426,47,763,179
427,16,715,271
427,25,375,178
427,35,300,194
427,40,335,205
427,46,426,209
427,48,480,212
427,49,536,204
427,50,813,233
427,51,574,203
427,38,155,193
427,42,84,203
427,45,84,179
428,16,720,271
428,25,375,178
428,35,300,194
428,40,335,204
428,46,425,208
428,48,480,212
428,49,536,204
428,50,813,233
428,51,576,203
428,38,154,194
428,42,84,203
428,45,94,180
429,16,730,269
429,25,375,179
429,35,300,194
429,40,336,205
429,46,424,207
429,48,480,212
429,49,536,204
429,51,577,203
429,38,154,192
429,42,83,206
429,45,95,207
429,50,817,233
430,16,736,267
430,25,375,182
430,35,300,194
430,40,336,205
430,46,423,206
430,48,479,212
430,49,535,204
430,51,579,204
430,52,653,265
430,38,154,192
430,42,69,210
430,45,93,206
431,16,747,264
431,25,376,179
431,35,300,195
431,40,337,206
431,46,422,205
431,48,479,211
431,49,534,204
431,51,581,204
431,52,660,266
431,38,155,193
431,42,68,208
431,45,93,206
432,16,757,263
432,25,376,179
432,35,301,195
432,40,338,206
432,45,93,206
432,46,422,205
432,48,479,211
432,49,532,203
432,51,581,204
432,52,666,268
432,38,155,193
432,42,68,208
433,16,759,261
433,25,376,181
433,35,301,195
433,40,338,206
433,46,422,204
433,48,478,210
433,49,531,203
433,51,582,204
433,52,672,268
433,38,155,194
433,42,77,208
433,45,95,207
434,16,762,259
434,25,377,184
434,35,302,195
434,40,337,206
434,46,422,205
434,48,477,210
434,49,530,203
434,51,583,204
434,52,681,269
434,38,155,194
434,42,71,207
434,45,93,206
435,16,764,258
435,25,377,183
435,35,302,196
435,40,339,207
435,46,422,205
435,48,477,208
435,49,530,203
435,51,584,205
435,52,685,269
435,38,156,195
435,42,69,207
435,45,90,205
436,16,766,257
436,25,377,183
436,35,302,196
436,40,340,207
436,42,68,208
436,46,422,205
436,48,476,208
436,49,529,202
436,51,585,205
436,52,692,269
436,38,157,194
436,45,95,205
437,16,764,256
437,25,377,188
437,35,302,197
437,40,341,208
437,42,66,209
437,46,422,205
437,48,476,208
437,49,528,202
437,51,585,205
437,52,696,271
437,38,156,195
437,45,97,211
438,16,766,256
438,25,378,182
438,35,302,197
438,40,341,208
438,42,67,209
438,46,422,205
438,48,476,208
438,49,528,201
438,51,587,205
438,52,703,270
438,38,156,195
438,45,97,211
439,16,765,256
439,25,378,188
439,35,302,197
439,40,343,208
439,42,67,209
439,46,422,205
439,48,475,208
439,49,527,201
439,51,589,204
439,52,708,269
439,38,156,196
439,45,100,210
440,16,765,256
440,25,379,188
440,35,302,198
440,40,345,209
440,42,67,209
440,46,422,205
440,48,474,208
440,49,527,201
440,51,590,204
440,52,716,268
440,38,156,195
440,45,99,210
441,35,301,198
441,40,345,210
441,42,65,209
441,46,422,205
441,48,474,208
441,49,527,201
441,51,591,204
441,52,726,270
441,53,669,205
441,16,753,262
441,25,379,185
441,38,157,196
441,45,99,209
442,35,302,197
442,40,346,209
442,42,65,209
442,46,422,205
442,48,473,207
442,49,526,201
442,51,593,203
442,52,739,203
442,53,697,227
442,16,760,283
442,25,380,180
442,38,157,195
442,45,99,210
443,16,756,278
443,35,301,197
443,40,348,208
443,42,64,209
443,46,422,205
443,48,472,207
443,49,526,201
443,51,595,203
443,53,696,226
443,25,381,181
443,38,159,195
443,45,99,211
443,52,798,298
444,16,768,277
444,35,301,197
444,40,350,208
444,42,64,209
444,46,422,205
444,48,472,207
444,49,525,201
444,51,595,203
444,53,693,226
444,25,381,181
444,38,159,195
445,16,774,276
445,35,301,196
445,40,350,207
445,42,63,209
445,46,421,205
445,48,472,207
445,49,527,202
445,51,597,203
445,53,691,227
445,38,159,195
445,45,98,181
446,16,780,274
446,35,301,196
446,40,351,207
446,42,63,209
446,46,421,204
446,48,471,207
446,49,525,201
446,51,597,204
446,53,685,228
446,38,159,195
447,16,783,274
447,35,302,196
447,40,353,207
447,42,62,210
447,46,420,204
447,48,471,207
447,49,524,201
447,51,598,205
447,53,684,228
447,38,159,195
448,16,794,273
448,35,302,196
448,40,356,209
448,42,60,211
448,46,420,203
448,48,470,207
448,49,524,202
448,51,599,205
448,53,683,228
448,38,159,195
449,16,793,274
449,35,303,196
449,40,358,209
449,42,59,213
449,46,420,203
449,48,470,207
449,49,524,202
449,51,600,205
449,53,681,229
449,38,157,195
450,16,795,275
450,35,303,197
450,40,358,210
450,42,58,213
450,46,420,203
450,48,469,206
450,49,523,202
450,51,601,205
450,53,680,229
450,54,739,223
450,38,158,195
451,16,796,278
451,35,305,197
451,40,360,210
451,42,59,213
451,46,419,203
451,48,468,203
451,49,522,201
451,51,603,206
451,53,680,229
451,54,740,227
451,38,159,195
451,45,94,186
452,16,800,279
452,35,305,197
452,40,361,210
452,42,58,213
452,46,418,203
452,48,467,203
452,49,521,201
452,51,605,206
452,53,679,228
452,54,740,226
452,38,159,196
452,45,94,185
453,16,803,306
453,35,305,197
453,40,362,210
453,42,58,214
453,46,418,202
453,48,466,202
453,49,521,200
453,51,605,206
453,53,677,227
453,54,737,225
453,38,159,197
453,45,93,185
454,16,805,313
454,35,306,198
454,40,361,211
454,42,57,214
454,46,418,202
454,48,466,201
454,49,521,200
454,51,605,205
454,53,676,227
454,54,735,224
454,38,159,198
454,45,93,185
455,16,807,315
455,35,306,199
455,40,362,211
455,42,59,214
455,46,417,203
455,48,465,201
455,49,520,199
455,51,607,205
455,53,673,225
455,54,732,223
455,38,160,203
455,45,94,184
456,16,810,318
456,35,307,199
456,40,360,212
456,42,56,215
456,46,417,202
456,48,465,201
456,49,519,199
456,51,608,205
456,53,670,224
456,54,730,222
456,38,160,204
456,45,93,185
457,16,826,256
457,35,307,198
457,40,360,211
457,42,55,215
457,46,416,202
457,48,465,201
457,49,518,199
457,51,609,205
457,53,665,224
457,54,727,221
457,38,160,205
457,45,94,186
458,35,307,199
458,40,360,211
458,42,55,215
458,45,94,186
458,46,416,201
458,48,465,202
458,49,518,198
458,51,609,204
458,53,662,223
458,54,725,221
458,16,825,324
458,38,160,203
459,35,308,198
459,40,360,211
459,42,54,214
459,45,95,186
459,46,416,201
459,48,465,202
459,49,517,199
459,51,610,204
459,53,657,222
459,54,722,220
459,16,837,253
459,38,160,203
460,35,310,197
460,40,361,210
460,42,55,213
460,45,95,186
460,46,415,201
460,48,465,203
460,49,516,200
460,51,611,204
460,53,655,222
460,54,719,220
460,38,160,202
461,35,312,197
461,40,362,209
461,42,52,213
461,45,95,187
461,46,415,202
461,48,465,202
461,49,516,200
461,51,612,206
461,53,654,222
461,54,714,220
461,38,160,202
462,35,312,197
462,40,362,209
462,42,52,214
462,45,95,187
462,46,415,202
462,48,465,202
462,49,515,200
462,51,614,205
462,53,653,222
462,54,709,220
462,38,160,203
463,35,313,197
463,40,362,209
463,42,51,213
463,45,95,187
463,46,414,201
463,48,465,203
463,49,513,200
463,51,615,205
463,53,652,222
463,54,707,221
463,38,160,203
464,35,313,197
464,40,364,209
464,42,48,212
464,45,95,184
464,46,415,202
464,48,464,203
464,49,512,200
464,51,615,204
464,53,652,222
464,54,712,221
464,38,159,198
465,35,314,197
465,40,367,209
465,42,47,212
465,46,415,201
465,48,464,204
465,49,511,200
465,51,615,205
465,53,651,222
465,54,706,221
465,38,159,200
465,45,95,184
466,35,314,197
466,40,368,209
466,42,47,212
466,45,94,184
466,46,414,201
466,48,463,205
466,49,511,200
466,51,615,207
466,53,650,222
466,54,702,221
466,38,159,201
467,35,314,197
467,40,369,209
467,42,45,213
467,45,94,183
467,46,415,201
467,48,464,204
467,49,511,199
467,51,615,205
467,53,649,223
467,54,701,221
467,38,160,203
468,35,315,198
468,40,372,209
468,42,42,212
468,45,91,183
468,46,416,200
468,48,464,203
468,49,510,199
468,53,645,223
468,54,701,221
468,51,616,206
469,35,315,198
469,40,375,210
469,42,40,212
469,45,90,183
469,46,416,198
469,48,463,202
469,49,509,198
469,53,645,223
469,54,700,220
469,51,616,207
470,35,315,198
470,40,377,210
470,42,37,212
470,45,90,183
470,46,416,198
470,48,463,203
470,49,509,198
470,53,643,223
470,54,699,220
470,51,617,208
471,35,315,199
471,40,378,211
471,42,37,213
471,45,91,183
471,46,417,197
471,48,464,202
471,49,508,198
471,53,641,222
471,54,698,219
471,51,622,167
472,35,315,199
472,40,378,211
472,42,37,215
472,45,91,184
472,46,418,197
472,48,464,201
472,49,507,198
472,53,641,221
472,54,697,218
472,51,623,164
473,35,315,199
473,40,379,212
473,42,36,216
473,45,91,183
473,46,417,197
473,48,464,201
473,49,505,197
473,53,638,220
473,54,695,217
474,35,316,199
474,40,380,213
474,42,36,218
474,45,93,183
474,46,416,197
474,48,464,201
474,49,504,196
474,53,637,219
474,54,693,216
475,35,315,199
475,40,381,213
475,42,35,218
475,46,416,196
475,48,464,201
475,49,503,195
475,53,635,218
475,54,690,215
475,45,93,183
476,35,316,199
476,40,382,213
476,42,36,218
476,48,463,201
476,49,503,194
476,53,632,217
476,54,688,215
476,45,93,183
476,46,415,199
477,35,316,199
477,40,384,213
477,42,37,218
477,48,463,201
477,49,503,194
477,53,630,217
477,54,687,214
477,55,713,206
477,45,99,182
477,46,415,199
478,35,316,198
478,40,386,213
478,42,35,218
478,45,102,181
478,48,462,200
478,49,502,194
478,53,627,216
478,54,685,215
478,55,713,207
478,46,415,199
479,35,317,197
479,40,388,213
479,42,34,217
479,45,102,181
479,48,462,201
479,49,502,194
479,53,626,216
479,54,684,215
479,55,714,207
479,46,417,180
480,35,318,196
480,40,388,213
480,42,32,217
480,45,102,180
480,48,462,200
480,49,502,194
480,53,624,216
480,54,682,215
480,55,715,207
480,46,417,180
481,35,318,197
481,40,393,212
481,42,29,216
481,45,103,180
481,48,461,199
481,49,500,194
481,53,621,216
481,54,680,215
481,55,715,207
481,46,416,170
482,35,319,197
482,40,394,212
482,42,27,216
482,48,460,199
482,49,500,194
482,53,619,216
482,54,675,214
482,55,715,207
482,56,545,186
482,45,103,180
483,35,320,198
483,40,394,212
483,42,27,215
483,45,104,179
483,48,460,199
483,49,500,194
483,53,618,216
483,54,674,215
483,55,715,207
483,56,545,187
484,35,321,198
484,40,395,213
484,42,27,216
484,48,460,199
484,49,500,194
484,53,616,217
484,54,672,215
484,55,715,207
484,56,545,186
484,45,104,178
485,35,322,198
485,40,396,214
485,42,27,217
485,48,460,200
485,49,499,194
485,53,615,217
485,54,670,215
485,55,714,207
485,56,547,187
485,45,105,176
486,35,323,199
486,40,395,215
486,42,27,220
486,45,107,200
486,48,460,200
486,49,499,194
486,53,612,216
486,54,668,215
486,55,714,208
486,56,548,189
487,35,325,200
487,40,396,216
487,42,27,222
487,45,106,201
487,48,458,200
487,49,499,194
487,53,609,216
487,54,667,215
487,55,715,208
487,56,550,188
488,35,326,200
488,40,396,217
488,42,27,223
488,45,104,201
488,48,457,199
488,49,499,194
488,53,607,216
488,54,665,215
488,55,715,208
488,56,551,187
489,35,329,201
489,40,397,218
489,42,27,223
489,45,103,201
489,48,457,199
489,49,499,194
489,53,605,215
489,54,665,214
489,55,715,207
489,56,553,186
490,35,330,201
490,40,398,218
490,45,102,201
490,48,456,199
490,49,499,193
490,53,603,214
490,54,664,213
490,55,717,207
490,56,554,186
490,42,28,224
491,35,331,201
491,40,398,219
491,45,101,201
491,48,456,198
491,49,499,193
491,53,600,213
491,54,661,212
491,55,718,207
491,56,554,186
491,42,31,224
492,35,331,200
492,40,399,218
492,42,39,196
492,45,100,201
492,48,455,198
492,49,499,193
492,53,598,212
492,54,658,211
492,55,720,207
492,56,555,185
493,35,332,200
493,40,400,218
493,45,99,201
493,48,454,192
493,49,499,192
493,53,596,211
493,54,658,210
493,55,721,206
493,56,556,185
493,42,38,195
494,35,333,200
494,40,400,217
494,45,100,200
494,48,454,190
494,49,499,191
494,53,595,211
494,54,656,210
494,55,721,206
494,56,557,186
494,42,39,195
495,35,334,200
495,40,402,216
495,45,100,200
495,48,454,183
495,49,499,191
495,53,595,211
495,54,655,209
495,55,722,206
495,57,688,207
495,42,41,195
495,56,557,186
496,35,335,200
496,40,402,215
496,42,41,195
496,45,102,200
496,48,453,182
496,49,498,191
496,53,593,210
496,54,652,209
496,55,722,206
496,57,688,207
496,56,558,187
497,35,338,200
497,40,403,215
497,48,453,181
497,49,498,191
497,53,592,210
497,54,649,209
497,55,724,206
497,57,687,207
497,42,42,196
497,45,100,198
497,56,559,187
498,35,338,199
498,40,404,215
498,42,44,195
498,45,100,200
498,48,453,180
498,49,498,191
498,53,591,210
498,54,647,209
498,55,726,205
498,57,688,208
498,56,560,187
499,35,338,199
499,40,405,214
499,42,45,195
499,45,99,200
499,48,453,179
499,49,497,191
499,53,592,210
499,54,644,209
499,55,727,205
499,57,690,209
499,56,561,186
500,35,338,201
500,40,406,214
500,42,46,194
500,48,453,180
500,49,497,191
500,53,590,211
500,54,639,209
500,55,729,205
500,57,688,209
500,45,98,200
500,56,562,179
501,35,339,200
501,40,406,214
501,42,48,195
501,48,452,179
501,49,497,191
501,53,590,211
501,54,637,209
501,55,731,205
501,57,689,208
501,45,98,199
501,56,562,179
502,35,340,202
502,40,407,214
502,42,47,196
502,48,453,180
502,49,497,191
502,53,590,211
502,54,637,209
502,55,733,205
502,57,691,208
502,45,98,201
503,35,342,202
503,40,406,213
503,42,49,196
503,48,453,180
503,49,496,191
503,53,590,211
503,54,637,209
503,55,734,205
503,57,694,207
503,45,98,201
504,35,341,202
504,40,408,214
504,42,49,196
504,48,452,180
504,49,496,191
504,53,589,211
504,54,637,209
504,55,737,205
504,57,697,207
504,45,97,203
505,35,342,203
505,40,409,215
505,42,49,197
505,45,97,205
505,48,453,180
505,49,496,191
505,53,587,211
505,54,636,209
505,55,739,205
505,57,701,207
506,35,343,204
506,40,408,216
506,42,48,197
506,45,97,206
506,48,452,180
506,49,495,191
506,53,587,210
506,54,635,209
506,55,740,206
506,57,703,207
507,35,343,203
507,40,410,217
507,42,48,197
507,45,96,206
507,48,452,180
507,49,495,191
507,53,585,210
507,54,634,209
507,55,741,205
507,57,706,206
508,35,344,203
508,40,412,218
508,42,49,197
508,45,96,206
508,48,451,179
508,49,494,191
508,53,583,209
508,54,633,208
508,55,743,205
508,57,708,207
509,35,344,202
509,40,414,218
509,42,50,197
509,45,97,206
509,48,451,178
509,49,494,191
509,53,581,208
509,54,632,208
509,55,745,206
509,57,710,208
509,58,313,182
510,35,344,202
510,40,414,219
510,42,52,197
510,45,94,205
510,48,450,178
510,49,494,191
510,53,580,208
510,54,630,206
510,55,747,205
510,57,711,209
510,58,313,182
511,35,347,202
511,40,416,220
511,42,51,188
511,45,95,204
511,48,451,173
511,49,494,190
511,53,579,207
511,54,629,205
511,55,745,206
511,57,713,209
511,58,313,182
512,35,348,201
512,40,418,220
512,42,51,187
512,45,95,204
512,48,451,172
512,49,494,189
512,53,578,206
512,54,628,205
512,55,748,206
512,57,715,210
512,58,312,182
513,35,348,201
513,40,418,220
513,42,50,187
513,45,95,204
513,49,493,189
513,53,577,206
513,54,627,205
513,55,749,206
513,57,715,210
513,58,312,182
513,48,451,171
514,35,350,201
514,40,421,220
514,42,48,187
514,45,91,204
514,49,493,189
514,53,576,206
514,54,626,205
514,55,750,206
514,57,717,210
514,58,312,181
514,48,452,169
515,35,351,202
515,40,422,220
515,42,48,188
515,45,88,204
515,49,493,189
515,53,576,205
515,54,625,205
515,55,750,207
515,57,717,211
515,58,312,182
516,35,351,202
516,40,422,219
516,42,48,187
516,49,493,189
516,53,575,205
516,54,624,205
516,57,719,210
516,58,312,181
516,45,99,208
516,55,754,206
517,35,354,203
517,40,423,219
517,45,76,207
517,49,493,189
517,53,574,206
517,54,623,205
517,55,757,206
517,57,720,210
517,58,312,181
517,42,48,186
518,35,355,203
518,40,424,218
518,45,77,207
518,49,492,188
518,53,573,206
518,54,622,205
518,55,757,206
518,57,721,210
518,58,311,181
518,42,48,177
519,35,356,203
519,40,425,219
519,45,73,207
519,49,492,188
519,53,570,206
519,54,621,206
519,55,759,196
519,57,724,210
519,58,311,181
520,35,357,204
520,40,428,220
520,45,73,208
520,49,492,188
520,53,569,207
520,54,620,206
520,57,725,210
520,58,311,181
520,55,760,194
521,35,357,205
521,40,429,222
521,45,74,210
521,49,492,188
521,53,568,207
521,54,619,206
521,55,761,194
521,57,727,209
521,58,311,180
522,35,357,206
522,40,429,224
522,45,72,210
522,49,492,188
522,53,565,207
522,54,618,206
522,55,761,195
522,57,728,209
522,58,312,180
523,35,359,206
523,40,430,225
523,45,73,211
523,49,493,188
523,53,563,207
523,54,617,206
523,57,730,209
523,58,311,180
523,55,765,194
524,35,361,206
524,40,431,226
524,45,72,211
524,49,493,188
524,53,560,206
524,54,615,206
524,55,765,193
524,57,731,210
524,58,312,180
524,59,17,196
525,35,362,207
525,40,432,227
525,45,70,211
525,49,493,189
525,53,559,206
525,54,615,205
525,55,768,193
525,57,733,211
525,58,311,180
525,59,17,196
526,35,363,206
526,40,433,228
526,45,71,211
526,49,493,189
526,53,557,205
526,54,613,204
526,57,735,212
526,58,312,180
526,59,16,196
526,55,768,192
527,35,365,205
527,40,434,229
527,45,68,210
527,49,493,188
527,53,556,205
527,54,613,203
527,57,739,212
527,58,313,180
527,59,17,196
527,55,766,191
528,35,373,205
528,40,435,229
528,45,66,210
528,49,493,187
528,53,555,204
528,54,612,203
528,57,741,213
528,58,313,180
528,59,17,196
528,55,765,189
529,35,369,205
529,40,435,230
529,45,66,210
529,49,493,186
529,53,553,203
529,54,612,202
529,57,741,213
529,58,312,181
529,59,16,197
529,55,766,181
530,35,369,205
530,40,434,229
530,45,60,209
530,49,493,186
530,53,552,203
530,54,611,202
530,57,744,213
530,58,312,181
530,59,16,197
530,55,773,211
531,35,372,204
531,40,435,229
531,45,58,209
531,49,493,186
531,53,554,202
531,54,611,202
531,57,747,214
531,58,312,181
531,59,15,196
532,35,371,204
532,40,436,228
532,45,53,210
532,49,494,185
532,53,554,202
532,54,610,202
532,57,750,213
532,58,312,181
532,59,15,195
533,35,373,206
533,40,437,227
533,45,54,211
533,49,494,185
533,53,554,202
533,54,608,202
533,57,753,213
533,58,312,181
533,59,14,195
534,35,375,207
534,40,438,226
534,45,53,212
534,49,494,184
534,53,554,202
534,54,606,201
534,57,757,213
534,58,312,180
534,59,14,194
535,35,375,207
535,40,439,226
535,45,52,213
535,49,493,184
535,53,554,203
535,54,605,202
535,57,761,212
535,58,312,180
535,59,13,194
536,35,375,209
536,40,439,226
536,45,52,214
536,49,494,184
536,53,553,203
536,54,603,202
536,57,766,212
536,58,312,180
536,59,13,194
537,35,375,210
537,40,441,225
537,45,51,215
537,49,495,183
537,53,552,203
537,54,603,202
537,57,769,212
537,58,312,180
537,59,13,193
538,35,376,210
538,40,442,224
538,45,49,216
538,49,495,184
538,53,552,203
538,54,602,203
538,57,771,212
538,58,312,180
538,59,13,193
539,35,376,210
539,40,444,224
539,45,43,216
539,49,495,185
539,53,552,204
539,54,602,202
539,57,774,212
539,58,312,180
539,59,14,192
540,35,377,211
540,40,446,226
540,45,42,216
540,49,496,185
540,53,552,204
540,54,601,203
540,57,777,214
540,58,312,180
540,59,10,179
541,35,378,210
541,40,449,228
541,45,43,215
541,49,498,183
541,53,552,204
541,54,601,203
541,57,779,215
541,58,314,179
542,35,378,210
542,40,451,228
542,45,44,215
542,49,498,176
542,53,551,204
542,54,600,202
542,57,782,215
542,58,313,179
542,60,333,180
543,35,379,209
543,40,453,229
543,45,43,215
543,49,499,176
543,53,551,203
543,54,599,202
543,57,784,216
543,58,314,179
543,60,333,180
544,35,380,209
544,40,455,231
544,45,45,214
544,49,500,176
544,53,549,203
544,54,598,202
544,57,786,217
544,58,314,180
544,60,333,180
545,35,380,209
545,40,456,233
545,45,41,213
545,49,501,176
545,53,548,202
545,54,597,201
545,57,788,217
545,58,314,180
545,60,333,180
546,35,382,208
546,40,456,234
546,45,42,198
546,53,547,201
546,54,596,200
546,57,789,218
546,58,314,180
546,60,333,180
546,49,502,176
547,35,382,209
547,40,459,236
547,45,40,212
547,53,545,200
547,54,596,200
547,57,791,218
547,58,314,180
547,60,333,180
547,49,503,172
548,35,383,207
548,40,460,235
548,45,38,214
548,53,545,200
548,54,595,199
548,57,794,218
548,58,314,180
548,60,333,180
548,49,503,195
549,35,385,208
549,40,461,235
549,45,41,215
549,53,543,200
549,54,593,199
549,57,797,218
549,58,314,180
549,60,333,179
549,55,771,219
550,35,386,209
550,40,463,235
550,45,38,214
550,53,543,200
550,54,593,199
550,57,799,218
550,58,314,180
550,60,333,179
551,35,389,211
551,40,463,234
551,45,38,214
551,53,543,200
551,54,592,199
551,57,803,217
551,58,314,180
551,60,333,179
551,55,774,205
552,35,392,212
552,40,465,234
552,45,36,215
552,53,542,200
552,54,591,199
552,57,803,217
552,58,314,180
552,60,333,179
552,61,75,184
553,35,393,213
553,40,465,233
553,45,36,215
553,53,541,200
553,54,590,199
553,57,809,217
553,58,314,180
553,60,332,180
553,61,75,185
554,35,394,216
554,40,467,233
554,45,34,215
554,53,541,201
554,54,588,199
554,57,809,216
554,58,315,180
554,60,333,180
554,61,75,186
555,35,394,217
555,40,469,235
555,53,541,201
555,54,587,199
555,57,809,216
555,58,315,180
555,60,333,180
555,61,75,187
555,45,32,216
556,35,393,217
556,40,471,238
556,53,542,201
556,54,587,200
556,57,811,217
556,58,315,180
556,60,333,180
556,61,75,187
556,45,28,251
556,55,777,206
557,35,399,217
557,40,475,241
557,53,543,201
557,54,587,200
557,55,778,206
557,57,814,217
557,58,315,180
557,60,333,180
557,61,76,187
557,45,32,226
558,35,401,215
558,40,478,243
558,53,543,201
558,54,586,200
558,55,781,205
558,57,818,218
558,58,315,180
558,60,332,180
558,61,76,188
558,45,29,224
559,35,403,216
559,40,477,246
559,45,29,227
559,53,542,197
559,54,586,200
559,55,783,205
559,57,818,217
559,58,316,180
559,60,333,180
559,61,76,188
560,35,405,215
560,40,483,248
560,53,542,195
560,54,585,201
560,55,785,205
560,57,819,218
560,58,316,180
560,61,76,189
560,45,25,227
560,60,333,180
561,35,408,216
561,40,485,249
561,45,38,175
561,53,541,194
561,54,584,201
561,55,787,205
561,57,819,218
561,58,316,179
561,61,76,189
561,60,333,180
562,35,410,215
562,40,488,251
562,45,38,176
562,54,583,200
562,55,789,206
562,57,818,217
562,58,316,179
562,61,76,189
562,53,540,194
563,35,411,213
563,40,490,252
563,45,37,188
563,54,583,199
563,55,792,207
563,57,821,224
563,58,317,179
563,61,77,189
563,53,545,179
563,60,333,179
564,35,411,215
564,40,490,253
564,45,36,188
564,54,583,199
564,55,792,209
564,57,823,223
564,58,317,179
564,61,77,189
564,53,546,180
565,35,415,213
565,40,493,253
565,45,37,189
565,54,582,198
565,55,792,209
565,57,824,223
565,58,317,179
565,61,77,189
565,53,547,179
566,35,419,216
566,40,495,252
566,45,37,190
566,54,582,198
566,55,794,208
566,57,828,223
566,58,317,179
566,61,77,188
566,60,333,179
567,35,421,217
567,40,497,251
567,45,37,191
567,54,582,197
567,55,797,209
567,58,317,179
567,61,77,188
567,62,384,186
567,57,833,224
567,60,345,176
568,35,424,218
568,40,498,250
568,45,38,190
568,54,582,197
568,55,798,209
568,58,317,178
568,61,77,188
568,62,384,187
568,57,838,225
568,60,346,177
569,35,426,220
569,40,501,250
569,45,38,190
569,54,582,197
569,55,800,210
569,58,317,179
569,60,359,174
569,61,78,188
569,62,384,186
569,57,842,206
570,35,428,221
570,40,505,248
570,45,39,190
570,54,583,196
570,55,802,211
570,58,317,179
570,60,360,174
570,61,78,187
570,62,384,185
571,35,431,221
571,40,507,247
571,45,39,190
571,54,583,196
571,55,802,211
571,58,318,179
571,61,78,188
571,62,383,184
571,60,355,174
572,35,432,221
572,40,512,246
572,45,40,190
572,54,583,196
572,55,804,211
572,58,318,179
572,60,356,174
572,61,79,188
572,62,383,183
573,35,436,221
573,40,513,245
573,45,40,190
573,54,584,196
573,55,805,211
573,58,318,179
573,60,356,174
573,61,78,188
573,62,382,183
574,35,437,222
574,40,516,245
574,45,39,189
574,54,584,196
574,55,805,212
574,58,318,179
574,60,356,174
574,61,78,188
574,62,382,183
575,35,440,223
575,40,519,244
575,45,40,189
575,54,585,196
575,55,805,212
575,58,318,179
575,60,356,174
575,61,78,188
575,62,382,184
576,35,442,221
576,40,522,246
576,45,40,189
576,54,585,196
576,55,806,212
576,58,317,179
576,60,356,175
576,61,78,188
576,62,382,184
577,35,445,221
577,40,529,250
577,45,41,189
577,54,585,196
577,55,806,212
577,58,317,179
577,60,355,175
577,61,78,188
577,62,382,184
578,35,448,221
578,40,533,252
578,45,41,189
578,55,808,212
578,58,318,179
578,60,355,175
578,61,79,188
578,62,382,184
578,63,417,174
578,54,585,194
579,35,450,222
579,40,538,252
579,45,41,189
579,55,810,212
579,58,318,179
579,60,355,175
579,61,81,189
579,62,381,185
579,63,417,175
580,35,451,220
580,40,540,253
580,45,41,188
580,55,810,212
580,58,318,179
580,60,354,175
580,61,80,188
580,62,381,185
580,63,418,179
580,64,299,174
581,35,454,220
581,40,543,256
581,45,41,189
581,55,811,211
581,58,318,179
581,60,355,175
581,61,84,189
581,62,380,186
581,63,419,182
581,64,299,175
582,35,460,221
582,40,545,261
582,45,41,189
582,55,813,212
582,58,318,179
582,60,355,175
582,61,84,189
582,62,380,186
582,63,420,185
582,64,299,175
583,35,464,221
583,40,548,264
583,45,41,190
583,55,815,212
583,58,318,179
583,60,355,175
583,61,85,189
583,62,380,186
583,63,420,186
583,64,299,175
584,35,468,224
584,40,549,266
584,45,40,190
584,55,815,212
584,58,319,179
584,60,355,175
584,62,380,186
584,63,420,186
584,64,299,175
584,61,87,189
585,35,468,221
585,40,550,265
585,45,41,190
585,55,817,212
585,58,319,179
585,60,356,175
585,62,379,187
585,63,420,187
585,64,299,175
585,61,94,188
586,35,476,222
586,40,552,265
586,45,41,190
586,55,817,212
586,58,319,179
586,60,355,175
586,61,93,188
586,62,379,186
586,63,419,187
586,64,299,175
587,35,474,222
587,40,556,265
587,45,40,190
587,55,817,212
587,58,319,179
587,60,355,175
587,61,90,187
587,62,379,185
587,63,419,188
587,64,299,175
588,35,481,224
588,40,561,264
588,45,40,189
588,55,818,212
588,58,319,179
588,60,355,175
588,61,93,187
588,62,379,185
588,63,419,188
588,64,299,175
589,35,486,231
589,40,566,263
589,45,40,189
589,55,819,212
589,58,319,179
589,60,355,175
589,61,94,187
589,62,377,185
589,63,419,188
589,64,298,174
590,35,481,223
590,40,571,263
590,45,41,189
590,55,820,212
590,58,319,179
590,60,355,175
590,61,94,187
590,62,377,185
590,63,419,188
590,64,299,175
591,35,492,229
591,40,575,262
591,45,41,188
591,55,821,211
591,58,319,180
591,60,355,175
591,61,95,186
591,62,378,185
591,63,418,187
591,64,298,175
592,35,497,229
592,40,580,267
592,45,41,188
592,55,821,211
592,58,319,180
592,60,355,175
592,61,94,186
592,62,378,185
592,63,418,187
592,64,298,175
593,35,496,230
593,40,586,272
593,45,42,188
593,55,821,212
593,58,319,179
593,60,355,175
593,61,91,186
593,62,378,185
593,63,419,187
593,64,298,174
594,35,502,229
594,40,591,274
594,45,42,188
594,55,822,212
594,58,319,180
594,60,354,175
594,61,92,186
594,62,378,185
594,63,419,187
594,64,298,174
595,35,505,228
595,40,595,274
595,45,43,188
595,55,823,213
595,58,319,180
595,60,355,176
595,61,93,185
595,62,377,185
595,63,419,187
595,64,299,175
596,35,511,228
596,40,596,274
596,45,43,188
596,55,823,213
596,58,319,180
596,60,355,176
596,61,93,185
596,62,378,185
596,63,419,187
596,64,299,175
597,35,517,230
597,40,598,274
597,45,44,188
597,55,823,213
597,58,319,179
597,61,93,185
597,62,378,185
597,63,418,186
597,60,352,176
597,64,300,175
598,35,520,233
598,40,604,275
598,45,44,189
598,55,824,213
598,58,319,180
598,60,354,176
598,61,94,185
598,62,377,185
598,63,418,187
598,64,300,175
599,35,525,236
599,40,608,275
599,45,45,188
599,55,824,214
599,58,319,180
599,60,354,176
599,61,94,186
599,62,378,186
599,63,417,188
599,64,299,175
600,35,530,238
600,40,610,275
600,45,45,189
600,55,825,213
600,58,319,180
600,60,354,176
600,61,95,186
600,62,378,186
600,63,417,188
600,64,300,175
601,35,537,237
601,40,616,274
601,45,47,191
601,55,826,213
601,58,319,179
601,61,95,187
601,62,379,184
601,63,416,188
601,60,353,178
602,35,543,239
602,40,620,274
602,45,47,191
602,55,826,213
602,58,319,179
602,61,95,187
602,62,379,184
602,63,416,188
602,60,353,178
603,35,545,242
603,40,624,273
603,45,47,191
603,55,827,214
603,58,319,180
603,61,95,187
603,62,379,184
603,63,415,189
603,60,354,178
604,35,547,244
604,40,629,272
604,45,47,191
604,55,827,214
604,58,318,179
604,61,94,187
604,62,379,184
604,63,415,189
604,65,500,190
604,60,353,178
604,64,302,176
605,35,550,244
605,40,635,270
605,45,48,191
605,55,828,214
605,58,318,179
605,61,94,187
605,62,379,184
605,63,414,189
605,65,503,193
605,60,354,178
605,64,302,177
606,35,552,244
606,40,641,269
606,45,48,190
606,55,829,214
606,58,319,179
606,61,94,187
606,62,378,183
606,63,413,188
606,65,504,196
606,60,354,178
606,64,302,177
607,35,553,243
607,40,648,267
607,45,49,190
607,55,830,213
607,58,319,179
607,61,94,186
607,62,378,183
607,63,413,189
607,65,505,196
607,60,353,178
607,64,302,176
608,35,558,242
608,40,655,266
608,45,49,189
608,55,830,213
608,58,319,179
608,61,96,186
608,62,377,183
608,63,413,189
608,65,505,196
608,60,352,178
608,64,301,176
609,35,563,242
609,40,662,265
609,45,49,189
609,55,831,214
609,58,319,180
609,60,340,180
609,61,96,186
609,62,377,183
609,63,413,188
609,65,506,197
609,64,301,176
610,35,568,241
610,40,669,263
610,45,50,189
610,55,832,215
610,58,319,180
610,61,97,186
610,62,377,183
610,63,413,188
610,65,507,197
610,60,340,181
610,64,301,176
611,35,570,242
611,40,676,262
611,45,51,189
611,55,832,216
611,58,319,180
611,60,339,181
611,61,96,186
611,62,376,183
611,63,412,188
611,65,508,197
611,64,300,176
612,35,573,241
612,40,680,261
612,45,50,189
612,55,833,217
612,58,319,181
612,61,96,186
612,62,375,183
612,63,411,187
612,65,509,197
612,60,339,181
612,64,301,176
613,35,578,241
613,40,690,261
613,45,52,189
613,55,834,218
613,58,320,181
613,61,97,185
613,62,375,183
613,63,411,187
613,65,508,196
613,60,340,180
613,64,300,177
614,35,587,245
614,40,696,260
614,45,52,189
614,58,320,181
614,61,101,186
614,62,375,183
614,63,411,187
614,65,507,196
614,55,834,218
614,60,340,181
614,64,301,177
615,35,598,248
615,40,702,260
615,45,53,189
615,58,320,181
615,61,102,186
615,62,376,183
615,63,411,188
615,65,506,196
615,55,834,219
615,60,340,180
615,64,300,177
616,35,602,251
616,40,713,260
616,45,54,188
616,58,319,181
616,61,103,188
616,62,374,184
616,63,411,188
616,65,505,195
616,55,836,218
616,60,340,181
616,64,300,178
617,35,606,250
617,40,724,261
617,45,54,188
617,58,319,181
617,61,103,187
617,62,374,184
617,63,410,188
617,65,504,195
617,55,836,220
617,60,340,181
617,64,300,177
618,35,612,254
618,40,734,261
618,45,54,188
618,58,320,181
618,61,103,187
618,62,373,184
618,63,410,187
618,65,503,195
618,55,837,221
618,60,341,182
618,64,298,177
619,35,617,256
619,40,743,262
619,45,54,188
619,58,320,181
619,60,341,182
619,61,103,186
619,62,373,184
619,63,410,188
619,65,501,195
619,64,299,177
620,35,621,258
620,40,746,262
620,45,54,188
620,58,320,181
620,60,340,182
620,61,104,184
620,62,372,184
620,63,410,189
620,65,499,194
620,64,298,177
621,35,622,259
621,40,750,261
621,45,54,189
621,58,321,182
621,60,340,181
621,61,105,184
621,62,372,184
621,63,410,189
621,65,498,194
621,66,555,195
621,67,527,188
621,64,298,177
622,35,625,259
622,40,752,259
622,45,54,189
622,58,321,182
622,60,340,182
622,61,104,186
622,62,372,184
622,63,409,189
622,65,497,195
622,66,555,195
622,67,528,188
622,64,299,177
623,35,628,258
623,40,755,258
623,45,55,189
623,58,321,181
623,60,340,182
623,61,103,186
623,62,372,184
623,63,410,189
623,65,495,195
623,66,555,195
623,67,528,188
623,64,298,177
624,35,635,259
624,40,761,257
624,45,56,189
624,58,321,181
624,60,340,182
624,61,103,185
624,62,373,184
624,63,410,189
624,65,495,195
624,66,554,195
624,67,527,188
624,64,297,178
625,35,641,258
625,40,770,257
625,45,56,189
625,58,321,181
625,60,339,182
625,61,103,185
625,62,373,184
625,63,410,189
625,65,495,195
625,66,554,195
625,67,527,188
625,64,297,178
626,35,648,257
626,40,773,257
626,45,58,189
626,58,321,181
626,60,340,182
626,61,103,185
626,62,370,183
626,63,409,189
626,65,494,195
626,66,554,195
626,67,527,188
626,64,285,178
627,35,649,257
627,40,777,256
627,45,58,189
627,58,322,181
627,60,340,182
627,61,104,185
627,62,371,184
627,63,409,189
627,65,492,196
627,66,554,196
627,67,527,187
627,64,284,179
628,35,655,256
628,40,779,264
628,45,58,190
628,58,322,181
628,60,340,182
628,61,103,184
628,62,368,184
628,63,408,189
628,65,493,196
628,66,554,196
628,67,527,187
628,64,283,179
629,35,660,258
629,40,782,281
629,45,58,189
629,58,323,182
629,60,340,182
629,61,103,182
629,62,368,184
629,63,408,189
629,65,491,196
629,66,554,196
629,67,527,187
629,64,283,179
630,35,666,263
630,40,785,287
630,45,58,189
630,58,323,182
630,60,339,182
630,61,103,182
630,62,368,184
630,63,408,189
630,65,489,196
630,66,553,196
630,67,528,187
630,64,283,179
631,35,670,268
631,40,790,289
631,45,60,189
631,58,324,182
631,60,340,181
631,61,105,182
631,62,367,184
631,63,407,188
631,65,492,195
631,66,553,197
631,67,528,187
631,64,279,178
632,35,676,271
632,40,793,291
632,45,61,188
632,58,323,182
632,60,340,181
632,61,104,183
632,62,367,184
632,63,407,188
632,65,491,194
632,66,553,197
632,67,528,187
632,64,279,178
633,35,683,269
633,40,797,294
633,45,61,189
633,60,341,180
633,61,104,182
633,62,367,184
633,63,407,188
633,65,491,194
633,66,553,197
633,67,528,187
633,58,323,182
633,64,275,178
634,35,690,272
634,40,801,297
634,45,62,188
634,61,104,182
634,62,367,184
634,63,407,187
634,65,493,194
634,66,553,197
634,67,529,187
634,68,388,180
634,58,323,182
634,60,341,180
634,64,274,177
635,35,696,276
635,40,804,302
635,45,62,189
635,61,105,182
635,62,367,185
635,63,406,187
635,65,493,194
635,66,552,196
635,67,529,187
635,68,388,180
635,58,324,182
635,60,341,180
635,64,275,177
636,35,700,280
636,40,810,308
636,45,62,189
636,58,324,182
636,61,104,182
636,62,367,185
636,63,406,187
636,65,493,194
636,66,552,196
636,67,529,187
636,68,388,180
636,60,341,180
636,64,275,177
637,35,703,282
637,45,63,189
637,58,325,182
637,61,105,182
637,62,368,185
637,63,406,187
637,65,493,194
637,66,553,196
637,67,530,187
637,68,389,180
637,40,816,317
637,60,342,179
637,64,274,177
638,35,707,282
638,45,64,189
638,58,325,183
638,61,104,182
638,62,368,185
638,63,406,188
638,65,493,194
638,66,553,196
638,67,530,187
638,68,389,180
638,40,821,329
638,60,341,179
639,35,709,281
639,45,64,189
639,58,325,183
639,61,105,182
639,62,368,185
639,63,405,187
639,65,492,194
639,66,553,196
639,67,531,187
639,68,389,180
639,40,826,342
639,60,341,179
640,35,713,281
640,45,65,189
640,58,326,184
640,61,105,183
640,62,368,185
640,63,405,188
640,65,494,194
640,66,553,195
640,67,531,188
640,68,388,180
640,40,834,333
640,60,352,178
641,35,716,281
641,45,65,190
641,58,326,183
641,61,105,184
641,62,368,184
641,63,405,189
641,65,495,194
641,66,553,196
641,67,532,188
641,68,388,181
641,60,353,178
641,64,280,179
642,35,718,279
642,45,66,190
642,58,326,183
642,61,105,185
642,62,368,185
642,63,405,189
642,65,495,195
642,66,552,196
642,67,532,188
642,68,389,181
642,60,354,178
642,64,280,179
643,35,723,279
643,45,66,189
643,58,326,183
643,61,105,186
643,62,367,185
643,63,404,189
643,65,495,195
643,66,552,196
643,67,533,187
643,68,388,181
643,60,354,178
643,64,279,179
644,35,725,278
644,45,67,190
644,58,326,183
644,61,104,186
644,62,368,184
644,63,404,189
644,65,496,196
644,66,553,196
644,67,534,187
644,60,354,179
644,64,278,179
644,68,388,181
645,35,731,277
645,45,67,190
645,58,327,183
645,61,105,186
645,62,368,185
645,63,404,189
645,65,496,196
645,66,552,196
645,60,355,179
645,64,278,179
645,67,534,187
645,68,388,181
646,35,737,277
646,45,68,190
646,58,327,183
646,61,105,185
646,62,369,184
646,63,403,189
646,65,496,196
646,66,551,196
646,64,278,180
646,67,535,185
646,68,388,181
647,35,745,277
647,45,68,190
647,58,327,183
647,61,104,185
647,62,369,184
647,63,403,189
647,65,496,196
647,66,552,197
647,64,278,180
647,67,535,186
647,68,387,181
648,35,754,277
648,45,68,190
648,61,104,185
648,62,368,184
648,63,402,188
648,65,495,195
648,66,552,197
648,58,327,183
648,64,278,179
648,67,535,185
648,68,387,180
649,35,758,278
649,45,68,190
649,58,327,183
649,61,105,185
649,62,369,184
649,63,402,189
649,65,495,195
649,66,551,197
649,64,278,180
649,67,535,183
649,68,388,181
650,35,762,278
650,45,68,189
650,61,104,185
650,62,369,184
650,63,401,189
650,65,494,194
650,66,550,197
650,58,327,182
650,60,354,179
650,64,278,180
650,67,536,184
650,68,388,181
651,35,767,278
651,45,69,189
651,61,104,186
651,62,369,184
651,63,401,189
651,65,494,194
651,66,550,197
651,58,327,182
651,60,353,179
651,64,278,180
651,68,388,181
652,35,769,278
652,45,69,189
652,61,104,185
652,62,368,184
652,63,400,189
652,65,493,194
652,66,549,197
652,58,326,181
652,60,354,179
652,64,277,179
652,68,388,181
653,35,772,278
653,45,69,189
653,61,104,185
653,62,368,184
653,63,400,189
653,65,491,194
653,66,549,197
653,58,327,183
653,60,355,179
653,64,277,180
653,68,389,181
654,35,776,278
654,45,69,189
654,60,343,181
654,61,104,185
654,62,368,184
654,63,401,189
654,65,491,194
654,66,548,197
654,58,327,183
654,64,277,180
654,68,387,181
655,35,779,276
655,45,68,188
655,61,104,185
655,62,369,184
655,63,401,189
655,65,490,194
655,66,548,196
655,58,327,183
655,60,343,181
655,64,277,180
655,68,387,181
656,35,783,277
656,45,68,188
656,60,342,181
656,61,104,186
656,62,369,185
656,63,401,189
656,65,490,194
656,66,548,195
656,58,327,183
656,64,278,180
657,35,786,281
657,45,67,188
657,58,327,183
657,60,343,181
657,61,104,186
657,62,369,185
657,63,401,189
657,65,490,195
657,66,547,195
657,64,278,180
658,35,792,292
658,45,67,188
658,58,327,183
658,60,342,181
658,61,104,186
658,62,369,185
658,63,401,189
658,65,488,195
658,66,548,196
658,64,279,181
659,35,796,306
659,45,67,189
659,58,327,183
659,61,104,186
659,62,369,185
659,63,401,189
659,65,488,196
659,66,548,196
659,60,340,181
659,64,278,181
660,35,800,306
660,45,67,190
660,58,327,183
660,61,104,186
660,62,368,185
660,63,402,189
660,65,487,196
660,66,548,196
660,60,340,181
660,64,278,180
661,35,803,306
661,45,66,190
661,58,327,183
661,61,104,187
661,62,367,185
661,63,402,190
661,65,484,196
661,66,548,196
661,60,350,179
661,64,278,181
661,68,390,181
662,45,66,191
662,58,327,183
662,61,104,185
662,62,367,185
662,63,402,190
662,65,484,196
662,66,548,196
662,35,807,313
662,60,351,179
662,64,278,181
662,68,390,182
663,45,65,191
663,58,327,183
663,61,105,184
663,62,367,185
663,63,402,189
663,65,484,196
663,66,548,196
663,35,805,297
663,60,351,179
663,64,278,181
663,68,390,181
664,45,65,191
664,58,327,184
664,61,104,183
664,62,367,185
664,63,402,190
664,65,484,196
664,66,548,196
664,35,813,307
664,60,351,180
664,64,278,182
665,45,64,191
665,58,327,183
665,61,104,183
665,62,367,185
665,63,402,190
665,65,485,196
665,66,549,196
665,35,820,319
665,60,352,180
665,64,278,182
665,68,388,181
666,45,64,191
666,58,327,183
666,61,104,183
666,62,367,185
666,63,402,190
666,65,486,195
666,66,549,196
666,35,823,331
666,60,352,180
666,64,278,182
667,45,64,191
667,58,327,183
667,60,352,180
667,61,105,184
667,62,367,185
667,63,406,190
667,65,485,195
667,66,549,196
667,35,827,340
667,64,278,181
668,45,65,190
668,58,326,183
668,61,105,185
668,62,367,185
668,63,405,189
668,65,487,195
668,66,549,196
668,35,830,334
668,60,351,180
668,64,277,182
669,45,66,190
669,58,326,183
669,61,105,183
669,62,367,185
669,63,404,189
669,65,487,195
669,66,550,197
669,60,351,180
669,64,277,182
669,68,388,181
670,45,66,190
670,58,327,183
670,60,340,184
670,61,104,185
670,62,367,185
670,63,403,189
670,65,486,194
670,66,550,196
670,64,277,182
670,68,388,181
671,45,67,190
671,58,327,184
671,61,105,185
671,62,367,186
671,63,401,189
671,65,486,194
671,66,551,196
671,60,341,184
671,64,277,182
672,45,68,190
672,58,326,184
672,61,105,184
672,62,367,186
672,63,401,189
672,64,277,182
672,65,487,195
672,66,551,196
672,60,342,184
673,45,69,189
673,58,326,184
673,61,105,185
673,62,367,186
673,63,400,189
673,64,277,182
673,65,489,195
673,66,551,196
673,60,342,184
674,45,70,189
674,58,326,184
674,61,105,185
674,62,367,186
674,63,400,189
674,65,489,195
674,66,551,196
674,60,342,184
674,64,277,182
675,45,70,189
675,58,326,184
675,61,105,186
675,62,367,186
675,63,400,189
675,64,277,182
675,65,489,195
675,66,552,196
675,60,342,184
676,45,71,189
676,58,326,184
676,61,105,186
676,62,367,186
676,63,399,189
676,64,278,182
676,65,490,195
676,66,552,196
676,60,341,185
677,45,71,190
677,58,326,183
677,61,105,186
677,62,367,186
677,63,398,189
677,64,277,182
677,65,490,195
677,66,553,196
677,60,341,184
678,45,71,189
678,58,326,183
678,61,105,187
678,62,367,186
678,63,398,189
678,65,490,195
678,66,553,196
678,60,342,184
678,64,277,182
679,45,72,191
679,58,326,183
679,61,105,188
679,62,366,185
679,63,398,189
679,65,490,195
679,66,554,196
679,60,341,184
679,64,278,183
680,45,72,191
680,58,326,183
680,61,105,188
680,62,366,186
680,63,398,189
680,65,490,195
680,66,554,196
680,60,341,184
680,64,278,182
681,45,72,192
681,58,326,184
681,61,105,188
681,62,366,186
681,63,397,189
681,65,490,195
681,66,554,196
681,60,341,184
681,64,278,182
682,45,72,191
682,58,326,184
682,61,105,188
682,62,366,186
682,63,397,190
682,65,491,195
682,66,554,196
682,60,341,183
682,64,278,182
683,45,73,192
683,58,325,184
683,61,105,188
683,62,366,186
683,63,398,189
683,65,491,195
683,66,555,196
683,60,342,183
683,64,278,182
684,45,73,192
684,58,325,184
684,61,105,188
684,62,366,187
684,63,398,190
684,65,490,194
684,66,555,196
684,60,341,183
684,64,279,183
685,45,74,192
685,58,325,184
685,61,104,188
685,62,366,186
685,63,398,190
685,64,278,183
685,65,490,194
685,66,555,196
685,60,341,184
686,45,74,192
686,58,325,184
686,61,105,188
686,62,366,187
686,63,398,190
686,64,279,183
686,65,490,194
686,66,556,196
686,60,341,184
687,45,74,192
687,58,325,184
687,60,340,184
687,61,105,188
687,62,366,186
687,63,397,190
687,64,279,183
687,65,489,194
687,66,556,196
688,45,75,192
688,58,324,184
688,61,105,188
688,62,366,186
688,63,396,190
688,64,279,183
688,65,488,194
688,66,556,196
688,60,340,184
689,45,75,191
689,58,324,184
689,61,106,188
689,62,366,186
689,63,397,189
689,64,279,183
689,65,488,194
689,66,556,196
689,60,339,184
690,45,75,191
690,58,324,184
690,61,106,188
690,62,366,186
690,63,397,189
690,64,279,183
690,65,487,194
690,66,555,196
690,60,339,183
691,45,75,191
691,58,323,185
691,61,106,188
691,62,365,185
691,63,396,189
691,64,281,183
691,65,486,194
691,66,555,196
691,60,339,183
692,45,75,191
692,58,322,184
692,61,106,188
692,62,365,185
692,63,396,189
692,64,281,183
692,65,486,194
692,66,555,196
692,69,418,181
692,70,436,182
692,60,339,183
693,45,75,191
693,58,322,184
693,61,106,188
693,62,365,185
693,63,396,189
693,64,280,183
693,65,485,194
693,66,556,196
693,69,418,181
693,70,436,182
693,60,339,183
694,45,75,191
694,58,322,184
694,61,107,188
694,62,365,185
694,63,396,189
694,64,280,183
694,65,485,194
694,66,555,195
694,69,418,181
694,70,435,182
694,60,338,183
695,45,75,191
695,61,107,187
695,62,365,186
695,63,395,189
695,64,281,183
695,65,485,195
695,66,555,195
695,69,418,181
695,70,435,181
695,58,321,184
695,60,338,182
696,45,76,191
696,61,107,188
696,62,365,187
696,63,395,189
696,64,281,183
696,65,484,195
696,66,555,195
696,69,418,181
696,70,436,182
696,58,322,184
696,60,337,183
697,45,76,190
697,61,108,188
697,62,365,187
697,63,394,189
697,64,281,183
697,65,485,195
697,66,555,195
697,69,418,181
697,70,435,182
697,58,322,184
697,60,337,183
698,45,76,191
698,61,108,188
698,62,364,187
698,63,394,189
698,64,280,183
698,65,485,195
698,66,555,195
698,69,418,181
698,70,435,182
698,58,321,184
698,60,338,182
699,45,77,191
699,61,109,188
699,62,364,188
699,63,394,189
699,64,281,183
699,65,485,194
699,66,555,195
699,69,418,181
699,70,435,181
699,58,321,184
699,60,337,182
700,45,77,191
700,61,109,188
700,62,364,186
700,63,394,189
700,64,281,183
700,65,485,194
700,66,555,195
700,69,418,181
700,70,436,181
700,58,320,183
700,60,337,182
701,45,78,191
701,61,109,188
701,62,364,186
701,63,394,189
701,64,281,183
701,65,486,194
701,66,555,195
701,69,418,180
701,70,436,181
701,58,320,183
701,60,336,182
702,45,78,191
702,61,110,188
702,62,364,186
702,63,394,189
702,64,281,183
702,65,486,194
702,66,555,194
702,69,419,181
702,70,436,181
702,58,320,183
702,60,337,182
703,45,78,191
703,61,110,187
703,62,365,185
703,63,394,189
703,64,281,183
703,65,487,194
703,66,554,194
703,69,419,180
703,70,436,181
703,58,321,183
703,60,336,182
704,45,79,191
704,61,110,187
704,62,365,185
704,63,393,189
704,64,281,183
704,65,488,193
704,66,554,195
704,69,419,180
704,70,436,182
704,58,320,183
704,60,335,182
705,45,79,191
705,61,110,186
705,62,365,185
705,63,392,189
705,64,282,183
705,65,488,193
705,66,554,195
705,69,419,180
705,70,436,182
705,58,321,183
705,60,336,182
706,45,80,191
706,58,320,183
706,62,365,184
706,63,392,188
706,64,282,183
706,65,489,193
706,66,555,195
706,69,419,180
706,70,436,182
706,60,336,182
706,61,111,187
707,45,81,190
707,58,320,183
707,62,364,183
707,63,392,188
707,64,282,183
707,65,489,193
707,66,555,195
707,69,419,180
707,70,435,182
707,60,336,182
707,61,111,187
708,45,81,189
708,58,320,183
708,62,364,183
708,63,392,188
708,64,282,183
708,65,489,193
708,66,555,195
708,69,419,180
708,70,436,182
708,60,336,182
708,61,111,187
709,45,82,189
709,58,320,183
709,62,364,183
709,63,392,187
709,64,282,182
709,65,490,193
709,66,555,194
709,69,419,180
709,70,435,182
709,60,336,182
709,61,112,186
710,45,82,189
710,58,320,182
710,62,364,183
710,63,392,188
710,64,282,182
710,65,490,193
710,66,554,194
710,69,419,180
710,70,435,182
710,60,338,182
710,61,112,186
711,45,82,189
711,58,320,182
711,62,364,183
711,63,392,187
711,64,282,182
711,65,491,193
711,66,554,194
711,69,419,180
711,70,435,182
711,71,820,245
711,60,338,182
711,61,112,186
712,45,83,189
712,58,320,182
712,62,364,183
712,63,392,187
712,64,283,182
712,65,491,193
712,66,554,193
712,69,420,180
712,70,435,182
712,71,810,242
712,60,338,183
712,61,113,186
713,45,83,189
713,58,320,182
713,62,364,183
713,63,392,187
713,64,283,182
713,65,492,193
713,66,554,193
713,69,420,180
713,70,435,182
713,71,801,239
713,60,337,182
713,61,113,185
714,45,84,189
714,58,320,182
714,62,363,182
714,63,392,187
714,64,283,182
714,65,492,193
714,66,554,193
714,69,420,180
714,70,435,181
714,71,795,237
714,60,338,181
714,61,113,185
715,45,84,189
715,58,320,182
715,62,363,183
715,63,392,186
715,64,284,182
715,65,492,193
715,66,554,193
715,69,420,180
715,70,435,181
715,71,792,235
715,60,337,183
715,61,113,185
716,45,85,189
716,58,319,182
716,62,363,183
716,63,392,187
716,64,283,182
716,65,493,193
716,66,554,193
716,69,420,180
716,70,435,181
716,71,792,236
716,60,350,179
716,61,113,185
717,45,85,189
717,58,319,181
717,62,364,183
717,63,391,187
717,64,283,182
717,65,493,192
717,66,554,192
717,69,420,179
717,70,435,181
717,71,792,237
717,60,349,179
717,61,113,186
718,45,86,189
718,58,319,182
718,62,364,183
718,63,391,187
718,64,283,182
718,65,494,192
718,66,554,192
718,69,420,179
718,70,436,181
718,71,792,237
718,60,350,179
718,61,113,187
719,45,86,189
719,58,319,182
719,62,364,183
719,63,391,187
719,64,283,182
719,65,494,192
719,66,553,192
719,69,420,179
719,70,436,182
719,71,792,238
719,60,350,179
719,61,112,187
720,45,86,190
720,58,319,182
720,62,364,183
720,63,391,187
720,64,284,182
720,65,494,192
720,66,553,192
720,69,420,179
720,70,436,182
720,71,792,242
720,60,350,179
720,61,117,187
721,45,88,190
721,58,320,182
721,62,363,185
721,63,390,187
721,64,285,182
721,65,494,192
721,66,553,192
721,69,420,179
721,70,437,182
721,71,791,241
721,60,347,180
721,61,110,187
722,45,88,189
722,58,320,182
722,62,363,184
722,63,390,187
722,64,286,182
722,65,494,191
722,66,552,192
722,69,421,179
722,70,437,182
722,71,788,237
722,60,346,180
722,61,110,186
723,45,89,189
723,58,320,183
723,62,363,185
723,63,391,187
723,64,286,182
723,65,494,191
723,66,553,192
723,69,421,179
723,70,437,182
723,71,783,235
723,72,244,191
723,60,346,180
723,61,112,186
724,45,90,189
724,58,320,183
724,62,363,185
724,63,391,186
724,64,286,182
724,65,494,191
724,66,553,192
724,69,421,179
724,70,437,182
724,71,779,234
724,72,246,192
724,60,345,180
724,61,114,186
725,45,90,189
725,58,320,183
725,62,364,183
725,63,391,186
725,64,286,182
725,65,494,191
725,66,552,192
725,69,421,179
725,70,437,182
725,71,774,234
725,72,249,193
725,60,342,180
725,61,113,185
726,45,90,188
726,58,320,182
726,62,364,183
726,63,391,186
726,65,493,191
726,66,552,192
726,69,421,178
726,70,437,182
726,71,769,234
726,72,250,193
726,60,343,180
726,61,118,185
726,64,287,181
727,45,90,187
727,58,321,182
727,62,364,183
727,63,390,186
727,65,493,191
727,66,552,192
727,69,421,179
727,70,437,181
727,71,766,235
727,72,251,193
727,60,344,180
727,61,119,185
727,64,287,182
728,45,91,188
728,62,364,183
728,63,390,186
728,65,493,191
728,66,552,192
728,69,422,179
728,70,437,181
728,71,761,235
728,72,252,194
728,58,321,182
728,60,343,180
728,61,113,185
728,64,287,182
729,45,92,187
729,58,321,182
729,62,364,183
729,63,390,186
729,64,287,182
729,65,494,191
729,66,551,192
729,69,422,179
729,70,437,181
729,71,757,235
729,72,251,194
729,60,343,179
729,61,114,185
730,45,92,187
730,58,321,182
730,62,364,182
730,63,390,186
730,64,287,182
730,65,494,191
730,66,551,191
730,69,423,179
730,70,438,181
730,71,751,236
730,72,252,193
730,73,818,257
730,60,343,180
730,61,114,185
731,45,92,187
731,58,321,183
731,62,364,182
731,63,390,186
731,64,287,182
731,65,494,191
731,66,552,191
731,69,423,179
731,70,438,181
731,71,747,237
731,72,253,193
731,73,815,247
731,60,343,180
731,61,119,185
732,45,92,187
732,58,320,183
732,62,364,183
732,63,390,185
732,64,287,182
732,65,495,191
732,66,552,191
732,69,423,178
732,70,439,181
732,71,743,237
732,72,256,193
732,73,814,245
732,60,343,180
732,61,119,184
733,45,92,187
733,58,320,183
733,62,364,183
733,63,391,185
733,65,495,191
733,66,551,191
733,69,423,178
733,70,440,181
733,71,739,237
733,72,259,192
733,73,813,242
733,60,343,179
733,61,119,184
733,64,288,182
734,45,92,187
734,58,320,182
734,62,364,183
734,63,391,185
734,65,495,191
734,66,551,190
734,69,423,178
734,70,439,182
734,71,735,236
734,72,263,192
734,73,812,242
734,60,342,180
734,61,119,184
734,64,288,182
735,58,319,182
735,62,365,183
735,63,391,185
735,65,495,191
735,66,551,190
735,69,423,178
735,70,439,182
735,71,731,236
735,72,263,192
735,73,812,241
735,45,93,187
735,60,342,179
735,61,119,184
735,64,289,182
736,45,93,187
736,62,365,183
736,63,392,185
736,65,495,191
736,66,551,190
736,69,424,178
736,70,439,181
736,71,727,234
736,72,265,192
736,73,811,243
736,58,319,182
736,60,343,179
736,61,119,184
736,64,290,182
737,45,93,187
737,62,365,183
737,63,392,185
737,65,495,190
737,66,552,190
737,69,423,179
737,70,439,182
737,71,723,233
737,72,267,192
737,73,810,241
737,58,318,182
737,60,343,179
737,61,120,185
737,64,291,181
738,45,93,187
738,60,343,179
738,62,365,183
738,63,392,185
738,65,496,190
738,66,551,190
738,70,440,182
738,71,719,230
738,72,269,192
738,73,809,239
738,58,318,182
738,61,121,185
738,64,292,181
738,69,424,178
739,45,93,187
739,62,365,183
739,63,392,185
739,65,496,190
739,66,551,190
739,69,424,178
739,70,441,181
739,71,715,228
739,72,272,192
739,73,805,240
739,58,318,181
739,60,343,179
739,61,122,186
739,64,292,181
740,45,93,187
740,60,344,179
740,62,365,183
740,63,392,185
740,65,497,190
740,66,551,190
740,70,441,181
740,71,711,225
740,72,276,193
740,73,795,240
740,58,319,181
740,61,109,182
740,64,292,180
740,69,424,179
741,45,93,187
741,62,364,182
741,63,393,186
741,65,498,189
741,66,551,190
741,69,424,178
741,70,441,181
741,71,708,223
741,72,278,193
741,73,786,240
741,58,318,181
741,60,344,180
741,61,109,181
741,64,297,180
742,45,93,186
742,62,364,183
742,63,393,186
742,65,499,189
742,66,551,190
742,69,424,178
742,70,441,181
742,71,705,224
742,72,280,193
742,73,777,241
742,58,317,181
742,60,343,180
742,61,110,182
742,64,301,177
743,45,94,187
743,62,364,183
743,63,393,185
743,65,499,189
743,66,551,191
743,70,441,181
743,71,701,224
743,72,281,194
743,73,775,241
743,58,316,180
743,60,342,180
743,61,111,181
743,64,300,177
743,69,424,178
744,62,364,183
744,63,393,185
744,65,500,189
744,66,551,191
744,70,441,181
744,71,693,225
744,72,281,194
744,73,773,241
744,45,95,187
744,58,317,180
744,60,342,180
744,61,111,181
744,69,424,178
745,62,364,182
745,63,393,185
745,65,501,190
745,66,551,191
745,69,424,178
745,70,441,181
745,71,686,225
745,72,282,194
745,73,772,240
745,45,94,187
745,58,318,180
745,60,342,180
745,61,111,181
746,45,95,187
746,62,364,182
746,63,393,185
746,65,502,189
746,66,551,191
746,69,425,178
746,70,441,181
746,71,678,226
746,72,283,194
746,73,772,240
746,58,316,180
746,60,342,180
746,61,111,181
747,62,365,182
747,63,393,184
747,65,502,190
747,66,551,190
747,70,441,181
747,71,674,226
747,72,284,194
747,73,771,240
747,45,96,187
747,58,314,180
747,60,342,180
747,61,113,181
747,69,424,178
748,62,365,181
748,63,393,184
748,65,503,189
748,66,551,190
748,69,425,178
748,70,442,181
748,71,672,226
748,72,286,193
748,73,769,240
748,45,97,187
748,58,314,180
748,60,343,179
749,45,98,187
749,62,364,181
749,63,393,184
749,65,504,189
749,66,551,190
749,69,425,178
749,70,442,181
749,71,671,226
749,72,290,192
749,73,765,238
749,58,315,180
749,60,342,179
750,45,98,187
750,62,364,181
750,63,393,184
750,65,505,189
750,66,551,190
750,69,425,178
750,70,442,182
750,71,671,226
750,72,292,192
750,73,760,236
750,58,315,179
750,60,342,179
751,45,98,187
751,62,365,182
751,63,393,184
751,65,507,189
751,66,552,189
751,69,425,178
751,70,443,182
751,71,669,224
751,72,293,192
751,73,752,233
751,58,315,180
751,60,346,179
751,61,114,181
752,45,99,187
752,62,365,182
752,63,393,184
752,65,507,189
752,66,552,189
752,69,425,178
752,70,443,182
752,71,666,221
752,72,294,192
752,73,747,231
752,58,314,180
752,60,346,179
752,61,114,182
753,45,99,187
753,62,364,182
753,63,393,184
753,65,508,188
753,66,552,188
753,69,425,178
753,70,443,181
753,71,664,221
753,72,296,191
753,73,740,230
753,58,314,180
753,60,345,179
753,61,114,181
754,45,100,187
754,62,365,182
754,63,393,184
754,65,508,188
754,66,552,188
754,69,426,178
754,70,443,181
754,71,659,218
754,72,296,192
754,73,736,229
754,60,345,179
754,61,115,181
755,45,100,186
755,62,365,182
755,63,393,183
755,65,508,188
755,66,553,188
755,69,426,178
755,70,444,181
755,71,654,217
755,72,298,192
755,73,732,229
755,60,344,179
755,61,115,185
756,45,101,186
756,62,365,182
756,63,393,184
756,65,509,188
756,66,553,188
756,69,426,178
756,70,444,181
756,71,651,217
756,72,301,192
756,73,729,229
756,60,346,179
756,61,114,185
757,45,100,186
757,62,364,182
757,63,393,184
757,65,509,188
757,66,553,188
757,69,426,178
757,70,444,181
757,71,649,216
757,72,301,192
757,73,727,229
757,60,345,179
757,61,113,185
758,45,100,187
758,62,364,182
758,63,393,184
758,65,508,187
758,66,553,187
758,69,426,177
758,70,444,181
758,71,645,217
758,72,302,192
758,73,725,230
758,60,346,178
758,61,114,185
759,45,101,186
759,62,364,182
759,63,393,183
759,65,509,187
759,66,553,187
759,69,427,177
759,70,445,181
759,71,643,217
759,72,304,192
759,73,723,230
759,60,346,179
759,61,114,185
760,45,101,186
760,62,364,182
760,63,393,184
760,65,509,187
760,66,553,188
760,69,427,177
760,70,445,181
760,71,641,216
760,72,304,193
760,73,720,230
760,60,346,178
760,61,114,185
761,62,364,182
761,63,393,184
761,65,508,188
761,66,554,188
761,69,427,178
761,70,445,181
761,71,638,217
761,72,306,193
761,73,717,231
761,45,103,186
761,60,347,178
761,61,115,184
762,62,364,182
762,63,393,184
762,65,508,188
762,66,554,188
762,69,427,178
762,70,445,181
762,71,636,217
762,72,308,193
762,73,715,231
762,45,104,186
762,60,347,178
763,62,364,181
763,63,393,184
763,65,508,188
763,66,555,188
763,69,428,177
763,70,446,181
763,71,633,218
763,72,309,193
763,73,712,230
763,45,105,185
763,60,347,178
764,45,106,185
764,62,365,181
764,63,393,183
764,65,508,188
764,66,555,188
764,69,428,177
764,70,445,181
764,71,630,218
764,72,311,192
764,73,709,229
764,60,347,178
765,45,106,185
765,62,365,181
765,63,393,183
765,65,509,188
765,66,555,188
765,69,428,177
765,70,445,181
765,71,628,218
765,72,311,191
765,73,706,228
765,74,178,193
765,60,346,178
766,45,106,185
766,62,365,180
766,63,393,183
766,65,509,187
766,66,554,187
766,69,428,177
766,70,446,181
766,71,626,218
766,72,311,191
766,73,703,223
766,74,178,193
766,60,347,178
767,45,106,185
767,62,365,180
767,63,393,183
767,65,509,188
767,66,554,187
767,69,428,177
767,70,446,181
767,71,624,217
767,72,313,191
767,73,699,224
767,74,178,193
767,60,347,178
768,45,107,185
768,62,365,180
768,63,393,183
768,65,509,188
768,66,553,187
768,69,428,177
768,70,446,181
768,71,620,216
768,72,315,191
768,73,694,224
768,74,178,193
768,60,346,178
769,45,107,185
769,62,365,179
769,63,393,182
769,65,510,187
769,66,554,187
769,69,428,177
769,70,446,181
769,71,617,215
769,72,319,191
769,73,691,222
769,74,178,193
769,60,345,178
770,45,107,185
770,62,366,180
770,63,393,182
770,65,511,187
770,66,554,186
770,69,428,177
770,70,447,180
770,71,615,213
770,72,319,190
770,73,688,221
770,74,178,193
770,60,346,178
770,61,125,179
771,45,108,185
771,62,366,180
771,63,393,182
771,65,512,187
771,66,554,186
771,69,429,177
771,70,447,180
771,71,613,211
771,72,319,191
771,73,685,221
771,74,178,192
771,60,347,177
772,45,107,185
772,62,366,180
772,63,393,182
772,65,512,187
772,66,554,186
772,69,429,177
772,70,447,180
772,71,611,210
772,72,319,191
772,73,681,221
772,74,178,193
772,60,347,177
772,61,126,179
773,45,108,184
773,62,366,180
773,63,393,182
773,65,513,186
773,66,555,186
773,69,429,177
773,70,447,181
773,71,609,210
773,72,321,192
773,73,676,221
773,74,178,193
773,60,348,177
773,61,126,179
774,45,109,184
774,62,366,180
774,63,394,182
774,65,514,186
774,66,554,186
774,69,429,177
774,70,447,181
774,71,607,209
774,72,322,192
774,73,670,222
774,74,178,194
774,60,348,177
774,61,126,179
775,45,109,184
775,62,366,180
775,63,394,181
775,65,514,186
775,66,555,186
775,69,429,177
775,70,448,181
775,71,605,210
775,72,323,192
775,73,666,223
775,74,178,194
775,60,349,177
775,61,125,178
776,45,109,184
776,62,366,179
776,63,394,181
776,65,515,186
776,66,556,186
776,69,429,177
776,70,448,181
776,71,600,210
776,72,324,192
776,73,664,223
776,74,178,194
776,60,349,177
776,61,125,178
777,45,109,184
777,62,366,180
777,63,394,181
777,65,514,186
777,66,556,185
777,69,429,176
777,70,448,181
777,71,594,211
777,72,324,192
777,73,666,223
777,74,178,194
777,60,348,177
777,61,124,178
778,45,109,184
778,62,367,180
778,63,394,181
778,65,516,186
778,66,554,185
778,69,429,176
778,70,448,181
778,71,590,212
778,72,326,192
778,73,664,223
778,74,177,194
778,60,350,177
778,61,124,178
779,45,110,185
779,62,366,180
779,63,394,181
779,65,516,186
779,66,554,185
779,70,449,181
779,71,588,211
779,72,327,191
779,73,663,222
779,74,177,193
779,60,351,176
779,61,124,178
779,69,430,176
780,45,110,184
780,62,366,180
780,63,394,181
780,65,517,187
780,66,554,185
780,70,449,181
780,71,586,212
780,72,328,191
780,73,662,222
780,74,177,192
780,60,351,176
780,61,124,178
780,69,430,176
781,45,111,185
781,62,366,181
781,63,394,181
781,65,518,187
781,66,554,186
781,69,430,176
781,70,450,181
781,71,585,211
781,72,329,190
781,73,661,220
781,74,177,193
781,61,125,179
782,45,111,185
782,62,367,181
782,63,394,181
782,65,518,186
782,69,430,176
782,70,450,181
782,71,584,211
782,72,330,190
782,73,658,219
782,74,177,192
782,61,125,178
782,66,553,186
783,45,112,184
783,62,367,181
783,63,394,181
783,65,519,187
783,69,430,176
783,70,451,181
783,71,582,210
783,72,331,190
783,73,654,217
783,74,177,192
783,61,125,178
783,66,553,185
784,45,112,184
784,62,367,180
784,63,394,181
784,65,519,187
784,69,430,176
784,70,450,180
784,71,580,209
784,72,331,190
784,73,650,216
784,74,177,192
784,60,350,176
784,61,126,178
784,66,553,185
785,45,112,184
785,62,367,181
785,63,394,181
785,65,520,186
785,69,430,176
785,70,450,180
785,71,577,206
785,72,332,190
785,73,645,215
785,74,176,192
785,60,351,176
785,61,127,178
785,66,554,185
786,45,112,184
786,62,367,180
786,63,394,181
786,65,520,186
786,69,430,176
786,70,450,180
786,71,575,205
786,72,332,190
786,73,642,214
786,74,176,192
786,60,350,176
786,61,127,178
787,45,112,184
787,62,368,180
787,63,394,181
787,65,521,186
787,69,430,176
787,70,451,180
787,71,573,204
787,72,332,190
787,73,639,214
787,74,176,192
787,60,351,176
787,61,127,178
788,45,113,184
788,62,367,181
788,63,394,181
788,65,522,186
788,70,451,180
788,71,572,204
788,72,333,190
788,73,638,214
788,74,176,193
788,60,353,176
788,61,127,178
788,69,430,176
789,45,113,184
789,62,368,180
789,63,394,181
789,65,522,186
789,70,451,180
789,71,570,204
789,72,334,190
789,73,637,215
789,74,176,193
789,60,353,176
789,61,127,178
789,69,430,175
790,45,114,184
790,62,368,180
790,63,394,181
790,65,522,185
790,70,451,180
790,71,567,204
790,72,335,191
790,73,634,215
790,74,176,193
790,61,127,178
790,69,431,175
791,45,114,184
791,62,368,180
791,63,394,180
791,65,521,185
791,69,431,175
791,70,452,180
791,71,564,204
791,72,336,190
791,73,633,215
791,74,176,193
791,75,809,266
791,61,127,178
792,45,114,184
792,62,368,180
792,63,394,181
792,65,521,185
792,69,431,175
792,70,452,180
792,71,563,204
792,72,336,191
792,73,632,216
792,74,176,193
792,75,805,248
792,61,127,178
793,45,115,184
793,62,368,180
793,63,394,180
793,65,521,184
793,69,431,175
793,70,452,180
793,71,561,205
793,72,336,191
793,73,630,216
793,75,801,243
793,61,127,178
793,74,176,193
794,45,116,184
794,62,368,179
794,63,394,180
794,65,521,184
794,69,431,175
794,70,452,180
794,71,558,206
794,72,337,190
794,73,630,216
794,75,798,239
794,61,127,179
794,74,176,193
795,45,117,183
795,62,368,179
795,63,394,180
795,65,522,185
795,69,431,175
795,70,453,180
795,71,556,206
795,72,337,190
795,73,627,215
795,75,795,239
795,61,128,178
795,74,175,192
796,45,116,184
796,62,368,179
796,63,394,181
796,65,521,184
796,69,431,174
796,70,453,180
796,71,554,206
796,72,338,189
796,73,626,214
796,75,792,238
796,61,128,178
796,74,175,192
797,45,119,183
797,62,369,179
797,63,394,181
797,65,520,184
797,69,431,174
797,70,453,180
797,71,552,206
797,72,338,189
797,73,623,213
797,75,789,241
797,61,128,177
797,74,175,190
798,45,119,183
798,62,369,179
798,63,394,181
798,65,520,184
798,69,431,174
798,70,454,180
798,71,551,205
798,72,338,189
798,73,622,212
798,75,789,241
798,76,303,180
798,61,129,177
798,74,175,190
799,45,119,184
799,62,369,179
799,63,394,180
799,65,519,183
799,69,431,175
799,70,454,180
799,71,549,204
799,72,339,188
799,73,619,210
799,75,787,237
799,76,303,179
799,61,129,177
799,74,175,189
800,45,120,184
800,62,369,178
800,63,394,180
800,65,518,183
800,69,431,174
800,70,454,179
800,71,548,203
800,72,339,188
800,73,616,209
800,75,785,236
800,76,302,179
800,61,130,177
800,74,176,190
801,45,121,183
801,62,370,178
801,63,394,180
801,69,432,174
801,70,454,179
801,71,547,202
801,72,339,188
801,73,614,208
801,75,776,237
801,76,303,179
801,61,130,177
801,65,517,183
801,74,175,190
802,45,121,184
802,62,370,179
802,63,394,180
802,69,432,174
802,70,455,179
802,71,546,201
802,72,339,188
802,73,611,208
802,75,761,240
802,76,303,179
802,61,130,177
802,74,176,190
803,45,121,183
803,62,370,178
803,63,393,179
803,69,432,175
803,70,454,179
803,71,544,199
803,72,340,188
803,73,609,208
803,75,745,241
803,76,304,179
803,77,821,213
803,74,176,190
804,45,121,183
804,62,370,178
804,63,393,179
804,69,432,175
804,70,455,179
804,71,544,199
804,72,340,188
804,73,606,207
804,75,735,243
804,76,304,179
804,77,817,213
804,74,177,190
805,45,121,183
805,62,370,177
805,63,393,179
805,69,432,175
805,70,456,179
805,71,545,198
805,72,340,188
805,73,602,208
805,75,731,244
805,76,305,179
805,77,812,214
805,74,176,189
806,45,121,183
806,62,371,178
806,63,393,179
806,69,432,175
806,70,456,179
806,71,540,198
806,72,340,188
806,73,598,208
806,75,730,242
806,76,303,179
806,77,806,218
806,74,176,189
807,45,122,183
807,62,371,178
807,63,393,179
807,69,433,175
807,70,457,179
807,71,541,199
807,72,340,189
807,73,597,209
807,75,729,242
807,76,303,179
807,77,798,215
808,45,122,183
808,62,371,178
808,63,393,179
808,69,433,175
808,70,457,180
808,71,534,199
808,72,341,188
808,73,596,209
808,75,726,242
808,76,302,179
808,77,792,216
809,45,123,182
809,62,371,178
809,63,393,179
809,69,433,175
809,70,457,179
809,71,531,200
809,72,341,188
809,73,595,209
809,75,720,239
809,77,784,216
809,76,303,179
810,45,123,183
810,62,371,178
810,63,393,179
810,69,433,174
810,70,457,180
810,71,529,200
810,72,340,188
810,73,594,208
810,75,712,235
810,77,778,216
810,76,303,179
811,45,123,183
811,62,371,178
811,63,391,177
811,69,433,174
811,70,458,180
811,71,527,201
811,72,341,188
811,73,594,208
811,75,705,229
811,76,303,178
811,77,775,215
811,74,177,191
812,45,123,183
812,62,371,178
812,63,391,177
812,69,433,174
812,70,458,180
812,71,527,201
812,72,341,186
812,73,595,208
812,75,695,225
812,77,771,214
812,78,566,180
812,74,177,190
812,76,303,178
813,45,123,183
813,62,371,178
813,63,391,177
813,69,433,174
813,70,458,180
813,71,524,200
813,72,341,186
813,73,592,206
813,75,682,223
813,76,303,178
813,77,765,212
813,78,565,180
813,74,176,189
814,45,123,183
814,62,372,178
814,63,391,177
814,69,433,174
814,70,458,180
814,71,521,199
814,72,341,186
814,73,590,205
814,75,671,223
814,76,303,178
814,77,760,211
814,78,565,181
814,74,176,189
815,45,123,183
815,62,372,178
815,63,391,177
815,69,433,174
815,70,458,179
815,71,520,198
815,72,341,186
815,73,587,205
815,75,667,223
815,76,302,178
815,77,755,208
815,78,565,181
815,74,176,189
816,45,123,183
816,62,372,178
816,63,391,177
816,69,433,174
816,70,459,178
816,71,518,198
816,72,342,185
816,73,583,203
816,75,662,224
816,76,303,178
816,77,751,206
816,78,564,181
816,74,177,190
817,45,123,183
817,62,372,178
817,63,391,178
817,69,433,174
817,70,460,178
817,71,517,196
817,72,342,186
817,73,581,202
817,75,661,225
817,77,748,205
817,78,565,180
817,74,177,189
817,76,303,178
818,45,124,184
818,62,372,178
818,63,391,178
818,69,433,173
818,70,460,178
818,71,518,196
818,72,341,186
818,73,580,202
818,75,657,226
818,77,744,204
818,74,177,189
818,76,301,177
818,78,565,180
819,45,124,184
819,62,372,178
819,63,391,178
819,69,433,173
819,70,461,179
819,71,518,195
819,72,341,186
819,73,577,202
819,75,652,226
819,77,740,204
819,74,177,188
819,76,299,178
820,45,124,184
820,62,372,177
820,63,391,178
820,69,433,173
820,70,461,179
820,71,515,195
820,72,341,186
820,73,574,202
820,75,648,227
820,77,736,204
820,74,178,187
820,76,302,178
821,45,124,184
821,62,371,177
821,63,391,178
821,69,433,173
821,70,462,179
821,71,512,195
821,72,342,186
821,73,574,203
821,75,644,227
821,77,731,204
821,74,178,187
821,76,302,178
822,45,124,184
822,62,372,177
822,63,391,178
822,69,433,173
822,70,462,179
822,71,511,195
822,72,342,186
822,73,572,203
822,75,641,226
822,77,727,205
822,74,178,187
822,76,307,178
823,45,124,183
823,62,371,177
823,63,391,178
823,69,433,173
823,70,462,179
823,71,507,195
823,72,341,187
823,73,569,203
823,75,637,225
823,77,722,205
823,74,178,187
823,76,307,177
824,45,125,183
824,62,371,176
824,63,391,178
824,69,434,173
824,70,462,179
824,71,506,196
824,72,341,187
824,73,564,203
824,75,630,223
824,77,716,206
824,79,540,180
824,74,178,187
824,76,308,177
825,45,125,183
825,62,371,177
825,63,391,177
825,69,434,173
825,70,463,179
825,71,504,197
825,72,341,187
825,73,564,203
825,75,625,217
825,77,712,206
825,79,540,180
825,74,178,187
825,76,308,178
826,45,125,183
826,62,372,177
826,63,391,178
826,69,434,173
826,70,463,179
826,71,504,196
826,72,341,187
826,73,560,203
826,75,619,215
826,77,707,207
826,79,540,179
826,74,178,188
826,76,309,178
827,45,125,183
827,62,371,177
827,63,391,178
827,69,434,173
827,70,464,179
827,71,502,197
827,72,341,186
827,73,560,203
827,75,613,213
827,77,704,206
827,79,540,179
827,74,179,187
827,76,309,178
828,45,125,182
828,62,371,176
828,63,391,177
828,69,434,172
828,70,465,179
828,71,501,197
828,72,342,185
828,73,556,202
828,74,179,188
828,75,607,212
828,77,701,205
828,79,540,179
828,76,309,178
829,45,125,182
829,62,371,176
829,63,392,177
829,69,434,172
829,70,465,178
829,71,500,197
829,72,341,185
829,73,557,200
829,75,604,213
829,76,309,177
829,77,698,205
829,79,540,179
829,74,179,187
830,45,125,182
830,62,371,177
830,63,392,177
830,69,434,173
830,70,465,178
830,71,500,196
830,72,341,184
830,73,556,200
830,75,597,214
830,76,309,177
830,77,696,203
830,74,179,188
830,79,540,178
831,45,126,182
831,62,372,177
831,63,392,177
831,69,434,173
831,70,465,178
831,71,499,196
831,72,341,183
831,73,554,199
831,75,591,216
831,76,309,177
831,77,694,202
831,74,179,188
831,79,539,177
832,45,125,183
832,62,372,177
832,63,392,177
832,69,434,172
832,70,466,178
832,71,497,195
832,72,341,184
832,73,551,199
832,74,179,187
832,75,585,216
832,76,309,177
832,77,691,199
832,79,539,177
833,45,125,183
833,62,372,177
833,63,392,177
833,69,434,172
833,70,466,179
833,71,494,193
833,72,341,184
833,73,547,199
833,74,180,187
833,75,582,217
833,76,309,177
833,77,689,198
833,79,538,175
834,45,125,183
834,62,372,176
834,63,392,177
834,69,434,172
834,71,494,192
834,72,341,184
834,73,545,199
834,74,180,187
834,75,582,216
834,76,309,177
834,77,688,198
834,70,467,179
834,79,537,176
835,45,125,184
835,62,372,177
835,63,392,177
835,69,434,172
835,71,493,192
835,72,341,184
835,73,542,199
835,74,180,187
835,75,581,217
835,76,309,177
835,77,685,198
835,70,468,179
836,45,125,184
836,62,372,177
836,63,392,177
836,69,434,173
836,71,492,192
836,72,341,184
836,73,540,198
836,74,180,187
836,75,579,215
836,76,309,177
836,77,680,198
836,70,468,179
837,45,125,183
837,62,372,177
837,63,392,177
837,69,434,173
837,71,490,192
837,72,340,184
837,73,537,198
837,74,180,187
837,75,577,214
837,76,309,177
837,77,672,198
837,70,468,179
838,45,126,184
838,62,372,177
838,63,392,177
838,69,434,172
838,71,488,192
838,72,341,185
838,74,180,187
838,75,572,211
838,76,308,177
838,77,668,199
838,73,534,200
839,45,126,184
839,62,372,178
839,63,392,177
839,69,434,172
839,71,488,192
839,72,341,185
839,74,180,187
839,75,566,208
839,76,308,177
839,77,663,200
839,80,29,188
840,45,126,184
840,62,372,177
840,63,391,176
840,69,434,172
840,71,487,192
840,72,341,185
840,74,180,187
840,75,562,206
840,76,307,177
840,77,660,201
840,80,28,187
841,45,126,183
841,62,372,177
841,63,391,177
841,69,434,172
841,71,484,193
841,72,342,184
841,74,180,187
841,75,556,204
841,77,659,201
841,80,26,187
841,76,306,178
842,45,125,183
842,62,372,177
842,63,391,176
842,69,434,172
842,71,483,193
842,72,342,184
842,74,180,187
842,75,554,204
842,77,658,203
842,80,27,187
842,76,305,178
843,45,125,183
843,62,372,177
843,63,391,177
843,69,434,172
843,71,481,193
843,72,342,183
843,74,180,186
843,75,551,204
843,77,657,202
843,80,26,188
843,73,521,186
843,76,304,178
844,45,125,183
844,62,372,177
844,63,391,176
844,69,434,172
844,71,479,193
844,72,342,182
844,74,180,186
844,75,549,205
844,77,656,201
844,80,26,187
844,73,519,186
844,76,303,178
845,45,125,183
845,62,372,177
845,63,391,177
845,69,434,172
845,71,477,195
845,72,342,182
845,74,180,186
845,75,546,206
845,77,654,202
845,80,25,187
845,76,303,178
846,45,125,183
846,62,372,177
846,63,391,176
846,69,434,172
846,71,477,193
846,72,342,182
846,74,180,185
846,75,545,207
846,77,652,198
846,80,24,187
846,76,303,178
847,45,125,183
847,62,372,177
847,63,391,176
847,69,434,172
847,71,474,191
847,72,341,182
847,74,181,185
847,75,544,208
847,77,648,196
847,76,303,178
847,80,24,188
848,45,125,183
848,62,372,176
848,63,391,176
848,69,434,172
848,71,474,191
848,72,341,182
848,74,181,185
848,75,542,208
848,76,293,177
848,77,644,197
848,80,23,188
849,45,125,183
849,62,372,176
849,63,391,176
849,69,434,172
849,71,473,190
849,72,341,182
849,74,181,185
849,75,541,208
849,76,293,178
849,77,641,195
849,80,23,188
850,45,125,183
850,62,372,176
850,63,391,176
850,69,434,172
850,71,472,190
850,72,341,183
850,74,181,185
850,75,539,208
850,76,294,178
850,77,638,194
850,80,15,209
851,45,125,183
851,62,372,176
851,63,392,176
851,69,434,172
851,71,470,190
851,72,341,183
851,74,181,185
851,75,537,206
851,76,294,178
851,77,633,194
851,80,15,208
852,45,125,182
852,62,372,177
852,63,392,176
852,69,434,172
852,71,469,189
852,72,341,183
852,74,181,186
852,75,532,204
852,76,294,178
852,77,631,195
852,80,15,205
853,45,125,183
853,62,373,177
853,63,392,176
853,69,434,172
853,71,468,189
853,72,341,183
853,74,182,186
853,75,529,203
853,76,294,178
853,77,628,195
853,80,16,203
854,45,125,183
854,62,372,177
854,63,392,176
854,69,434,172
854,71,467,190
854,72,340,183
854,74,182,186
854,75,525,201
854,76,294,177
854,77,628,196
854,80,16,199
855,45,124,183
855,62,371,177
855,63,393,176
855,69,434,172
855,71,466,190
855,72,340,184
855,74,182,186
855,75,520,201
855,77,625,196
855,80,17,199
855,76,294,177
856,45,125,183
856,62,372,177
856,63,394,176
856,69,434,172
856,71,464,190
856,72,340,184
856,74,182,186
856,75,518,201
856,77,621,197
856,80,18,200
856,76,294,177
857,45,124,183
857,62,372,177
857,63,394,177
857,69,435,172
857,71,463,190
857,72,339,183
857,74,182,186
857,75,514,201
857,77,619,197
857,80,17,200
857,76,294,177
858,45,124,183
858,62,371,176
858,63,394,177
858,69,434,172
858,71,462,191
858,72,339,183
858,74,183,186
858,75,512,202
858,77,617,197
858,80,18,206
858,81,558,176
858,76,294,177
859,45,124,183
859,62,371,176
859,63,394,176
859,69,435,172
859,71,461,191
859,72,339,183
859,74,183,185
859,75,510,203
859,77,617,196
859,80,18,205
859,81,559,176
859,76,294,177
860,45,123,183
860,62,371,176
860,63,394,177
860,69,434,172
860,71,460,191
860,72,339,182
860,74,184,184
860,75,508,203
860,77,614,196
860,80,19,205
860,81,560,176
860,76,294,177
861,45,123,183
861,62,371,175
861,63,394,176
861,69,434,172
861,71,459,191
861,72,339,182
861,74,184,184
861,75,507,204
861,76,294,177
861,77,611,195
861,80,18,205
861,81,560,176
862,45,123,183
862,62,371,176
862,63,395,176
862,69,435,172
862,71,459,190
862,72,339,182
862,74,184,183
862,75,507,204
862,76,295,177
862,77,610,194
862,80,19,203
862,81,561,176
863,45,123,182
863,62,371,176
863,63,395,176
863,71,458,189
863,72,339,182
863,74,184,183
863,75,505,203
863,76,295,178
863,77,609,193
863,80,19,200
863,81,561,176
863,69,435,172
864,45,123,182
864,62,371,176
864,63,395,176
864,71,457,188
864,72,338,181
864,74,184,184
864,75,503,203
864,76,296,178
864,77,607,192
864,81,562,175
864,69,435,172
864,80,20,198
865,45,123,182
865,62,371,176
865,63,395,176
865,71,455,188
865,72,338,182
865,74,185,184
865,75,501,202
865,76,295,178
865,77,606,192
865,81,563,175
865,69,435,172
865,80,20,198
866,45,123,182
866,62,371,176
866,63,395,176
866,71,453,188
866,72,338,182
866,74,185,184
866,75,497,201
866,76,295,178
866,77,604,191
866,81,563,175
866,69,435,172
866,80,24,204
867,45,123,182
867,62,371,176
867,63,395,176
867,71,451,187
867,72,337,183
867,74,185,185
867,75,494,199
867,76,295,178
867,77,602,191
867,81,564,176
867,69,435,171
867,80,23,197
868,45,123,182
868,62,371,175
868,63,395,175
868,71,449,188
868,72,336,182
868,74,185,185
868,75,492,197
868,76,296,178
868,77,600,191
868,81,564,176
868,80,22,197
869,45,123,182
869,62,371,176
869,63,396,176
869,71,448,188
869,72,336,183
869,74,186,185
869,75,489,196
869,76,296,178
869,77,595,191
869,81,565,176
869,80,26,197
870,45,123,182
870,62,372,175
870,63,396,176
870,71,448,188
870,72,336,183
870,74,186,185
870,75,488,196
870,76,296,178
870,77,592,192
870,80,31,197
870,81,564,176
871,45,123,183
871,62,371,175
871,63,397,177
871,71,446,188
871,72,336,183
871,74,186,184
871,75,486,197
871,76,296,178
871,77,590,192
871,80,36,198
871,81,565,176
872,45,123,183
872,62,371,175
872,63,396,177
872,71,445,188
872,72,336,183
872,74,186,184
872,75,486,197
872,76,296,178
872,77,589,192
872,80,39,199
872,81,565,176
873,45,123,183
873,62,371,175
873,63,397,177
873,71,445,188
873,72,336,183
873,74,186,184
873,75,485,198
873,76,296,178
873,77,588,192
873,80,41,199
873,81,564,176
874,45,123,183
874,62,371,175
874,63,397,177
874,71,444,188
874,72,336,182
874,74,187,183
874,75,485,198
874,76,296,178
874,77,587,192
874,80,41,199
874,81,563,176
875,45,123,183
875,62,371,176
875,63,396,177
875,71,444,189
875,72,336,181
875,74,187,183
875,75,485,199
875,76,296,178
875,77,585,191
875,80,39,199
875,81,563,176
876,45,123,183
876,62,371,176
876,63,396,177
876,71,444,189
876,72,336,181
876,74,187,183
876,75,484,199
876,76,296,178
876,77,584,191
876,80,40,197
877,45,123,183
877,62,371,176
877,63,396,177
877,71,443,189
877,72,336,181
877,74,188,183
877,75,482,199
877,76,297,178
877,77,583,190
877,80,40,198
878,45,123,183
878,62,371,176
878,63,396,177
878,71,442,188
878,72,336,181
878,74,188,183
878,75,482,198
878,76,296,177
878,77,582,190
878,80,41,198
879,45,123,182
879,62,372,176
879,63,396,177
879,71,440,186
879,72,335,181
879,74,188,183
879,75,478,201
879,76,296,177
879,77,577,188
879,80,44,196
880,45,123,182
880,62,372,176
880,63,396,177
880,71,439,186
880,72,335,181
880,74,188,183
880,75,476,196
880,76,296,177
880,77,576,188
880,80,46,195
881,45,123,183
881,62,372,176
881,63,396,176
881,71,436,186
881,72,335,181
881,74,188,183
881,75,472,194
881,77,575,188
881,80,47,195
881,76,295,177
882,45,123,183
882,62,372,176
882,63,396,176
882,71,434,186
882,72,335,181
882,74,188,183
882,75,469,193
882,77,574,188
882,80,49,195
882,76,296,177
883,45,123,183
883,62,372,176
883,63,396,177
883,71,433,186
883,72,335,181
883,74,188,184
883,75,468,193
883,77,572,188
883,80,50,194
883,76,295,177
884,45,123,183
884,62,372,176
884,63,397,177
884,71,432,185
884,72,335,181
884,74,188,184
884,75,467,193
884,77,570,188
884,80,50,195
884,76,295,177
885,45,123,182
885,62,372,176
885,63,397,177
885,71,432,186
885,72,335,181
885,74,189,185
885,75,465,193
885,77,569,189
885,80,51,195
885,76,295,177
886,45,123,182
886,62,372,176
886,63,397,176
886,71,431,186
886,72,335,182
886,74,189,184
886,75,465,193
886,77,566,189
886,80,53,195
886,76,295,177
887,45,123,182
887,62,372,176
887,63,397,176
887,71,430,186
887,72,335,182
887,74,189,184
887,75,464,194
887,76,296,178
887,77,563,190
887,80,54,195
888,45,123,182
888,62,372,176
888,63,397,176
888,71,430,187
888,72,335,181
888,74,189,184
888,75,463,195
888,76,295,178
888,77,561,190
888,80,55,195
888,82,510,179
889,45,123,181
889,62,372,175
889,63,397,176
889,71,429,186
889,72,335,181
889,74,189,183
889,75,463,198
889,77,559,190
889,80,56,194
889,82,512,180
889,76,295,178
890,45,123,181
890,62,372,176
890,63,397,176
890,71,428,187
890,72,335,180
890,75,461,199
890,77,558,190
890,80,57,194
890,82,512,180
890,74,189,182
890,76,295,178
891,45,123,181
891,62,372,176
891,63,397,176
891,71,428,187
891,72,334,180
891,75,459,198
891,77,557,190
891,80,57,195
891,82,513,180
891,74,189,182
891,76,295,177
892,45,124,181
892,62,372,176
892,63,397,176
892,71,427,187
892,72,334,180
892,75,457,195
892,77,557,190
892,80,58,195
892,82,513,180
892,74,189,181
892,76,294,177
893,45,123,182
893,62,372,176
893,63,397,176
893,71,426,186
893,72,334,180
893,75,455,193
893,77,557,189
893,80,58,195
893,82,514,180
893,83,19,200
893,84,485,189
893,74,189,181
893,76,295,177
894,45,123,182
894,62,372,176
894,63,397,177
894,71,426,186
894,72,334,180
894,74,189,181
894,75,453,191
894,77,558,188
894,80,59,194
894,82,514,181
894,83,20,201
894,84,483,189
894,76,297,177
895,45,123,182
895,62,372,176
895,63,397,176
895,71,425,180
895,72,333,180
895,74,189,181
895,75,451,192
895,76,298,177
895,77,557,187
895,80,60,192
895,82,514,181
895,83,22,200
895,84,482,190
895,85,821,218
896,45,123,181
896,62,373,176
896,63,397,177
896,71,424,184
896,72,334,180
896,74,189,182
896,75,449,190
896,77,555,186
896,80,61,193
896,82,515,181
896,83,23,199
896,84,481,190
896,85,821,216
896,76,297,177
897,45,123,182
897,62,372,175
897,63,397,177
897,72,334,180
897,74,188,182
897,75,447,189
897,77,552,186
897,80,63,192
897,82,515,181
897,83,21,199
897,84,477,189
897,85,819,216
897,71,424,184
897,76,297,177
898,45,124,181
898,62,372,175
898,63,397,177
898,71,424,184
898,72,334,180
898,74,188,182
898,75,446,190
898,77,551,186
898,80,65,192
898,82,516,180
898,83,21,198
898,84,475,189
898,85,820,216
898,76,297,177
899,45,124,181
899,62,372,175
899,63,397,177
899,71,422,184
899,72,335,181
899,74,188,183
899,75,445,190
899,77,550,186
899,80,67,192
899,82,516,180
899,83,24,199
899,84,474,189
899,85,820,215
899,76,295,177
900,45,124,181
900,62,372,175
900,63,397,177
900,71,422,183
900,72,335,181
900,74,188,183
900,75,445,190
900,77,549,187
900,80,69,192
900,82,517,180
900,83,22,199
900,84,473,189
900,85,820,215
900,76,294,176
901,45,124,181
901,62,372,174
901,63,397,176
901,71,422,184
901,72,335,181
901,74,188,183
901,75,446,190
901,77,545,187
901,80,71,191
901,82,517,180
901,83,23,200
901,84,471,189
901,85,819,214
901,76,294,177
902,45,124,181
902,62,372,175
902,63,397,177
902,71,422,184
902,72,335,181
902,74,188,182
902,75,444,190
902,77,544,187
902,80,71,191
902,82,518,180
902,83,25,199
902,84,470,190
902,85,818,214
902,76,294,177
903,45,124,181
903,62,372,174
903,63,397,176
903,71,422,184
903,72,335,180
903,75,443,190
903,77,542,188
903,80,71,192
903,82,519,180
903,83,29,200
903,84,468,190
903,85,815,213
903,74,188,182
903,76,295,177
904,45,124,181
904,62,372,174
904,63,397,176
904,71,421,183
904,72,335,180
904,75,442,191
904,77,543,187
904,80,71,193
904,82,518,180
904,83,31,199
904,84,467,190
904,85,811,213
904,74,188,182
904,76,296,177
905,45,124,181
905,62,373,174
905,63,397,176
905,71,418,182
905,72,335,179
905,75,442,190
905,77,541,188
905,80,73,193
905,83,31,199
905,84,466,190
905,85,809,214
905,74,188,181
905,76,295,178
905,82,517,180
906,45,124,181
906,62,373,174
906,63,397,176
906,71,417,183
906,72,335,179
906,75,441,190
906,77,541,188
906,80,73,193
906,83,33,199
906,84,465,190
906,85,807,214
906,74,189,181
906,76,295,178
906,82,517,180
907,45,124,181
907,62,373,174
907,63,397,176
907,71,416,184
907,72,335,179
907,75,439,188
907,77,540,188
907,80,74,192
907,83,33,195
907,84,465,190
907,85,806,214
907,74,189,181
907,76,294,178
908,45,124,181
908,62,373,174
908,63,397,176
908,71,415,184
908,72,334,179
908,74,189,180
908,75,438,187
908,77,537,187
908,80,76,192
908,83,34,196
908,84,465,189
908,85,802,215
908,76,294,177
909,45,124,182
909,62,373,174
909,63,397,176
909,71,414,184
909,72,334,179
909,74,189,180
909,75,438,186
909,77,535,187
909,80,77,192
909,83,33,195
909,84,466,189
909,85,799,215
909,76,294,177
910,45,124,181
910,62,372,174
910,63,397,176
910,71,413,183
910,72,334,179
910,74,189,180
910,75,436,186
910,77,534,185
910,80,78,191
910,83,36,196
910,84,464,186
910,85,796,215
910,76,294,177
911,45,124,181
911,62,372,174
911,63,396,176
911,71,411,183
911,72,335,179
911,74,189,181
911,75,436,186
911,77,532,185
911,80,79,191
911,83,40,201
911,84,463,187
911,85,793,215
911,76,294,177
912,45,124,181
912,62,372,174
912,63,396,175
912,71,411,182
912,72,335,179
912,74,189,181
912,75,435,186
912,77,531,184
912,80,81,190
912,83,41,199
912,84,461,187
912,85,789,215
912,76,294,177
